REF_AREA,TIME_PERIOD,OBS_VALUE,REF_AREA_LABEL
URY,1999,11.618,Uruguay
CEB,2000,20.056314329372988,Central Europe and the Baltics
CEB,2017,12.483328548269585,Central Europe and the Baltics
EMU,2017,17.746964684080467,Euro area
ECS,2017,13.69524947325433,Europe & Central Asia
ZMB,2017,3.142,Zambia
CEB,2018,10.54838483170248,Central Europe and the Baltics
EAR,2018,8.584311142071625,Early-demographic dividend
EMU,2018,16.17347158066111,Euro area
VEN,2009,5.959,"Venezuela, RB"
PSE,2009,22.13,West Bank and Gaza
CEB,2010,21.56466816413297,Central Europe and the Baltics
EAR,2010,6.567732462086916,Early-demographic dividend
ZMB,2018,3.993,Zambia
AFW,2019,3.178531990071717,Western & Central Africa
CSS,2019,12.50290103654596,Caribbean small states
CEB,2019,9.935205816400824,Central Europe and the Baltics
EAR,2019,8.768388656388819,Early-demographic dividend
EMU,2019,15.06327178564134,Euro area
PSE,2011,17.486,West Bank and Gaza
ZWE,2011,5.271,Zimbabwe
CEB,2012,22.47017938021434,Central Europe and the Baltics
EAR,2012,4.571160143163783,Early-demographic dividend
YEM,2014,12.753,"Yemen, Rep."
ZWE,2014,4.384,Zimbabwe
CEB,2015,16.628869193006746,Central Europe and the Baltics
EMU,2015,20.742173598978376,Euro area
CEB,2013,22.241804765546014,Central Europe and the Baltics
EMU,2013,23.141657304231728,Euro area
ECS,2013,18.84144996183966,Europe & Central Asia
PSE,2002,33.056,West Bank and Gaza
CEB,2003,24.183310739193285,Central Europe and the Baltics
VUT,2010,2.046,Vanuatu
VEN,2010,6.811,"Venezuela, RB"
VNM,2010,0.814,Vietnam
PSE,2010,22.935,West Bank and Gaza
YEM,2010,20.66,"Yemen, Rep."
CEB,2011,21.63357806462949,Central Europe and the Baltics
PSE,2001,25.504,West Bank and Gaza
CEB,2002,23.871243588021063,Central Europe and the Baltics
PSE,2020,24.317,West Bank and Gaza
ZMB,2020,4.627,Zambia
CEB,2021,13.254620953484912,Central Europe and the Baltics
EAR,2021,9.296263011240365,Early-demographic dividend
EMU,2021,15.137762694233604,Euro area
URY,2003,19.27,Uruguay
PSE,2003,26.134,West Bank and Gaza
CEB,2004,24.38343079036945,Central Europe and the Baltics
VEN,2008,6.127,"Venezuela, RB"
PSE,2008,25.017,West Bank and Gaza
CEB,2009,19.001452328118678,Central Europe and the Baltics
PSE,2005,21.342,West Bank and Gaza
CEB,2006,20.66820098402041,Central Europe and the Baltics
ALB,2011,12.307,Albania
AGO,2011,14.498,Angola
ARG,2011,8.347,Argentina
ARM,2011,16.163,Armenia
ALB,2010,12.739,Albania
ARG,2010,8.966,Argentina
ARM,2010,14.271,Armenia
ZMB,2021,4.293,Zambia
ZWE,2021,8.016,Zimbabwe
AFW,2022,2.793538952537643,Western & Central Africa
CEB,2022,13.063918834689169,Central Europe and the Baltics
EAR,2022,9.071775891641956,Early-demographic dividend
EMU,2022,13.573017671428858,Euro area
ECS,2022,11.743190882776272,Europe & Central Asia
URY,2007,9.986,Uruguay
VEN,2007,7.215,"Venezuela, RB"
PSE,2007,19.991,West Bank and Gaza
USA,2013,10.81,United States
URY,2013,7.579,Uruguay
VNM,2013,0.809,Vietnam
PSE,2013,19.423,West Bank and Gaza
URY,2022,9.672,Uruguay
VNM,2022,1.137,Vietnam
PSE,2022,21.603,West Bank and Gaza
ZMB,2022,4.467,Zambia
ZWE,2022,8.878,Zimbabwe
CEB,2023,13.17564190208892,Central Europe and the Baltics
EAR,2023,8.853449717030934,Early-demographic dividend
ECA,2013,12.8406616626323,Europe & Central Asia (excluding high income)
TEC,2013,14.394012690224455,Europe & Central Asia (IDA & IBRD)
EUU,2013,22.47255296812517,European Union
HIC,2013,16.83490237642456,High income
LCN,2013,6.41688169463378,Latin America & Caribbean
ALB,2008,11.371,Albania
ARG,2008,9.374,Argentina
ARM,2008,31.146,Armenia
USA,2000,8.666,United States
URY,2000,14.083,Uruguay
PSE,2000,11.622,West Bank and Gaza
CHL,2014,6.76,Chile
COL,2014,6.9,Colombia
COM,2014,9.305,Comoros
CRI,2014,9.563,Costa Rica
HRV,2014,25.414,Croatia
CHL,2017,6.785,Chile
COL,2017,6.625,Colombia
CRI,2017,8.481,Costa Rica
CIV,2017,2.239,Côte d’Ivoire
EMU,2012,22.04070303145925,Euro area
ECS,2012,18.165390962541583,Europe & Central Asia
ECA,2012,12.760509896304931,Europe & Central Asia (excluding high income)
TEC,2012,14.162111403735992,Europe & Central Asia (IDA & IBRD)
EUU,2012,21.53576317615965,European Union
HIC,2012,16.727076848588606,High income
IBD,2012,6.411552260172169,IBRD only
EMU,2009,17.26607565759115,Euro area
ECS,2009,16.367576425824595,Europe & Central Asia
TEC,2009,16.15476326317331,Europe & Central Asia (IDA & IBRD)
EUU,2009,16.907772104979976,European Union
HIC,2009,15.397404435983576,High income
EMU,2002,13.525539329023069,Euro area
EUU,2002,16.103950116306574,European Union
HIC,2002,13.65261592415281,High income
KOR,2014,2.009,"Korea, Rep."
XKX,2014,45.893,Kosovo
KGZ,2014,13.424,Kyrgyz Republic
EMU,2006,14.381243470119225,Euro area
ECS,2006,14.967421733226896,Europe & Central Asia
EUU,2006,15.408455779823845,European Union
HIC,2006,12.559328132512128,High income
ECA,2017,8.706947762262805,Europe & Central Asia (excluding high income)
TEC,2017,10.222829560399887,Europe & Central Asia (IDA & IBRD)
EUU,2017,16.756858244930374,European Union
HIC,2017,12.332658435974016,High income
LCN,2017,11.124583456196852,Latin America & Caribbean
EAS,2000,3.539024401961353,East Asia & Pacific
EAP,2000,3.528027734123703,East Asia & Pacific (excluding high income)
TEA,2000,3.528027734123703,East Asia & Pacific (IDA & IBRD)
EMU,2000,14.374906371318907,Euro area
EUU,2000,15.06967922405874,European Union
HIC,2000,12.852603818488982,High income
IBD,2000,6.231405886009501,IBRD only
CHL,2013,6.429,Chile
COL,2013,7.151,Colombia
CRI,2013,9.567,Costa Rica
CIV,2013,5.414,Côte d’Ivoire
HRV,2013,21.502,Croatia
ECS,2015,16.81121747189007,Europe & Central Asia
ECA,2015,12.920664438170965,Europe & Central Asia (excluding high income)
TEC,2015,13.169316418924046,Europe & Central Asia (IDA & IBRD)
EUU,2015,19.61948688584183,European Union
HIC,2015,14.746901430768643,High income
USA,2015,7.76,United States
URY,2015,8.89,Uruguay
VNM,2015,1.244,Vietnam
PSE,2015,21.552,West Bank and Gaza
ZMB,2015,14.303,Zambia
NAM,2016,28.968,Namibia
NLD,2016,10.302,Netherlands
NZL,2016,6.875,New Zealand
BLR,2016,13.392,Belarus
BEL,2016,15.404,Belgium
BLZ,2016,6.665,Belize
BOL,2016,2.763,Bolivia
BIH,2016,26.292,Bosnia and Herzegovina
BRA,2016,13.486,Brazil
CHL,2016,6.359,Chile
COL,2016,6.528,Colombia
COD,2016,1.138,"Congo, Dem. Rep."
CRI,2016,9.283,Costa Rica
CIV,2016,3.312,Côte d’Ivoire
HRV,2016,17.283,Croatia
BRA,1998,12.552,Brazil
CAN,1998,14.621,Canada
CHL,1998,10.994,Chile
CHL,2009,10.915,Chile
COL,2009,9.657,Colombia
COG,2009,18.941,"Congo, Rep."
EMU,2004,14.746880124975164,Euro area
EUU,2004,16.733900517867315,European Union
HIC,2004,13.985732205404696,High income
HND,2017,5.266,Honduras
HKG,2017,3.615,"Hong Kong SAR, China"
HUN,2017,11.075,Hungary
ISL,2017,4.745,Iceland
IDN,2017,2.613,Indonesia
IRN,2017,8.829,"Iran, Islamic Rep."
IRL,2017,11.312,Ireland
ISR,2017,6.849,Israel
ITA,2017,15.356,Italy
ECS,2019,12.836258590413792,Europe & Central Asia
ECA,2019,12.227658121764277,Europe & Central Asia (excluding high income)
TEC,2019,11.345842658889772,Europe & Central Asia (IDA & IBRD)
EUU,2019,14.366095787021306,European Union
HIC,2019,10.507322616641371,High income
IDB,2019,3.755103566555804,IDA blend
LCN,2019,11.019627579354069,Latin America & Caribbean
UGA,2011,0.77,Uganda
UKR,2011,6.595,Ukraine
GBR,2011,12.051,United Kingdom
USA,2011,13.601,United States
URY,2011,7.34,Uruguay
VEN,2011,6.344,"Venezuela, RB"
VNM,2011,0.711,Vietnam
JAM,2017,4.859,Jamaica
JOR,2017,18.114,Jordan
KAZ,2017,6.695,Kazakhstan
KOR,2017,2.614,"Korea, Rep."
XKX,2017,34.855,Kosovo
KGZ,2017,8.569,Kyrgyz Republic
CEB,2001,23.486295500744827,Central Europe and the Baltics
EMU,2001,13.146970458737286,Euro area
ECS,2001,13.387159689409788,Europe & Central Asia
EUU,2001,15.573166830218648,European Union
HIC,2001,13.237467047853524,High income
HUN,2014,18.463,Hungary
ISL,2014,6.96,Iceland
IDN,2014,2.94,Indonesia
IRN,2014,7.686,"Iran, Islamic Rep."
IRL,2014,19.395,Ireland
ISR,2014,10.537,Israel
ITA,2014,16.43,Italy
JAM,2014,5.623,Jamaica
GBR,2019,5.272,United Kingdom
USA,2019,5.396,United States
URY,2019,10.539,Uruguay
VUT,2019,6.834,Vanuatu
VNM,2019,1.269,Vietnam
PSE,2019,22.506,West Bank and Gaza
ZMB,2019,4.792,Zambia
ZWE,2019,6.506,Zimbabwe
NAM,2013,23.035,Namibia
NRU,2013,13.046,Nauru
NLD,2013,10.847,Netherlands
NZL,2013,9.443,New Zealand
KEN,2016,1.587,Kenya
KOR,2016,2.436,"Korea, Rep."
XKX,2016,32.203,Kosovo
KGZ,2016,10.662,Kyrgyz Republic
LVA,2016,20.605,Latvia
MNG,2012,3.368,Mongolia
MNE,2012,36.043,Montenegro
MAR,2012,10.324,Morocco
NAM,2012,20.087,Namibia
NLD,2012,9.115,Netherlands
NZL,2012,10.18,New Zealand
CAN,2018,11.776,Canada
TCD,2018,1.059,Chad
CHL,2018,7.32,Chile
COL,2018,6.715,Colombia
CRI,2018,9.585,Costa Rica
TZA,2014,2.577,Tanzania
THA,2014,0.497,Thailand
TTO,2014,2.934,Trinidad and Tobago
TUN,2014,13.127,Tunisia
TUR,2014,9.282,Türkiye
UGA,2014,1.683,Uganda
HND,2018,5.332,Honduras
HKG,2018,3.149,"Hong Kong SAR, China"
HUN,2018,10.117,Hungary
ISL,2018,4.527,Iceland
IND,2018,6.394,India
IDN,2018,2.969,Indonesia
IRN,2018,8.842,"Iran, Islamic Rep."
IRL,2018,9.723,Ireland
ISR,2018,6.778,Israel
EMU,2003,14.02642019273582,Euro area
ECS,2003,14.93785664313864,Europe & Central Asia
EUU,2003,16.291836336260765,European Union
HIC,2003,13.681896448687938,High income
KHM,2011,0.316,Cambodia
CAN,2011,15.58,Canada
CYM,2011,9.855,Cayman Islands
CHL,2011,7.264,Chile
COL,2011,8.096,Colombia
IRL,1999,10.153,Ireland
ITA,1999,12.5,Italy
KEN,1999,9.568,Kenya
BIH,2012,27.752,Bosnia and Herzegovina
BRA,2012,7.005,Brazil
BGR,2012,27.908,Bulgaria
KHM,2012,1.447,Cambodia
CAN,2012,15.137,Canada
CYM,2012,7.141,Cayman Islands
CHL,2012,6.661,Chile
COL,2012,8.029,Colombia
COD,2012,2.068,"Congo, Dem. Rep."
CRI,2012,10.085,Costa Rica
BRA,2017,14.998,Brazil
BRN,2017,10.437,Brunei Darussalam
BGR,2017,18.478,Bulgaria
CPV,2017,9.707,Cabo Verde
KHM,2017,0.219,Cambodia
CAN,2017,12.871,Canada
CEB,2005,23.93988936109889,Central Europe and the Baltics
EAR,2005,7.47761609710373,Early-demographic dividend
EMU,2005,14.90384549179164,Euro area
ECS,2005,15.616549664598988,Europe & Central Asia
BEL,2014,15.33,Belgium
BLZ,2014,8.557,Belize
BTN,2014,1.78,Bhutan
BOL,2014,1.789,Bolivia
BIH,2014,30.5,Bosnia and Herzegovina
BRA,2014,6.653,Brazil
HUN,2016,13.153,Hungary
ISL,2016,4.53,Iceland
IDN,2016,3.065,Indonesia
IRN,2016,9.143,"Iran, Islamic Rep."
IRL,2016,14.206,Ireland
ISR,2016,9.571,Israel
ITA,2016,15.476,Italy
JAM,2016,5.122,Jamaica
HIC,2007,11.022321708160185,High income
LCN,2007,8.666255447032945,Latin America & Caribbean
LAC,2007,8.745290010087501,Latin America & Caribbean (excluding high income)
TLA,2007,8.666255447032945,Latin America & Caribbean (IDA & IBRD)
CAN,1999,13.655,Canada
GRC,2016,26.486,Greece
GTM,2016,3.139,Guatemala
HND,2016,6.217,Honduras
HKG,2016,3.825,"Hong Kong SAR, China"
ARG,2017,10.511,Argentina
ARM,2017,17.403,Armenia
AUS,2017,10.193,Australia
AUT,2017,13.005,Austria
NER,2017,8.094,Niger
MKD,2017,27.615,North Macedonia
NOR,2017,8.568,Norway
PAN,2017,5.289,Panama
PRY,2017,4.99,Paraguay
PER,2017,2.964,Peru
LVA,2014,23.846,Latvia
LBR,2014,1.814,Liberia
LTU,2014,29.536,Lithuania
LUX,2014,10.964,Luxembourg
MAC,2014,1.821,"Macao SAR, China"
MYS,2014,6.364,Malaysia
KAZ,2013,6.636,Kazakhstan
KOR,2013,1.947,"Korea, Rep."
XKX,2013,39.908,Kosovo
KGZ,2013,14.976,Kyrgyz Republic
LVA,2013,25.088,Latvia
AGO,2014,14.927,Angola
ARG,2014,8.56,Argentina
ARM,2014,9.64,Armenia
AUS,2014,9.82,Australia
AUT,2014,11.407,Austria
AZE,2014,9.239,Azerbaijan
EMU,2010,18.76446166734707,Euro area
ECS,2010,17.123436906456078,Europe & Central Asia
TEC,2010,15.921533815898824,Europe & Central Asia (IDA & IBRD)
EUU,2010,18.46202704831204,European Union
HIC,2010,16.044609053343695,High income
NLD,2009,6.866,Netherlands
NZL,2009,10.154,New Zealand
MKD,2009,40.488,North Macedonia
NOR,2009,6.224,Norway
MNG,2017,3.152,Mongolia
MNE,2017,22.298,Montenegro
MMR,2017,0.952,Myanmar
NPL,2017,9.809,Nepal
NLD,2017,8.215,Netherlands
NZL,2017,6.201,New Zealand
CEB,2016,14.30971666629489,Central Europe and the Baltics
EMU,2016,19.394766294154067,Euro area
ECS,2016,15.524575553598217,Europe & Central Asia
ECA,2016,11.430246220078848,Europe & Central Asia (excluding high income)
TEC,2016,12.110384200494476,Europe & Central Asia (IDA & IBRD)
EUU,2016,18.31782254998457,European Union
PRT,2013,17.039,Portugal
QAT,2013,0.12,Qatar
ROU,2013,6.577,Romania
RUS,2013,13.697,Russian Federation
SRB,2013,24.362,Serbia
LBR,2016,2.769,Liberia
LTU,2016,24.421,Lithuania
LUX,2016,11.021,Luxembourg
MAC,2016,2.278,"Macao SAR, China"
MYS,2016,2.065,Malaysia
ARM,2016,14.57,Armenia
AUS,2016,10.077,Australia
AUT,2016,12.659,Austria
AZE,2016,9.354,Azerbaijan
BGD,2016,3.232,Bangladesh
BRB,2016,8.842,Barbados
CEB,2014,20.48570367331449,Central Europe and the Baltics
EMU,2014,22.1876585442824,Euro area
ECS,2014,18.203651594169,Europe & Central Asia
ECA,2014,13.639328795418669,Europe & Central Asia (excluding high income)
TEC,2014,14.48651388605338,Europe & Central Asia (IDA & IBRD)
EUU,2014,21.43377638452501,European Union
ECS,2018,13.24328172697456,Europe & Central Asia
ECA,2018,10.799303598070994,Europe & Central Asia (excluding high income)
TEC,2018,10.980655292941032,Europe & Central Asia (IDA & IBRD)
EUU,2018,15.306990964119642,European Union
HIC,2018,11.285163862384318,High income
ISR,2012,12.944,Israel
ITA,2012,13.551,Italy
JAM,2012,6.671,Jamaica
KAZ,2012,7.177,Kazakhstan
KOR,2012,1.911,"Korea, Rep."
XKX,2012,44.37,Kosovo
EST,2013,14.572,Estonia
ETH,2013,3.197,Ethiopia
FIN,2013,17.082,Finland
FRA,2013,16.285,France
GEO,2013,15.547,Georgia
CEB,1999,15.846510398883144,Central Europe and the Baltics
EMU,1999,14.581142189911937,Euro area
HUN,2009,23.166,Hungary
ISL,2009,10.241,Iceland
IDN,2009,4.959,Indonesia
IRN,2009,10.79,"Iran, Islamic Rep."
IRL,2009,17.959,Ireland
ISR,2009,11.669,Israel
ITA,2009,9.364,Italy
JAM,2009,5.499,Jamaica
EUU,2005,16.716584863410546,European Union
HIC,2005,13.657836756825535,High income
LCN,2005,10.770239591129137,Latin America & Caribbean
LAC,2005,10.71855155239154,Latin America & Caribbean (excluding high income)
TLA,2005,10.770239591129137,Latin America & Caribbean (IDA & IBRD)
SAU,2017,1.904,Saudi Arabia
SEN,2017,5.321,Senegal
SRB,2017,11.082,Serbia
SYC,2017,2.299,Seychelles
SGP,2017,3.535,Singapore
SVK,2017,30.274,Slovak Republic
SVN,2017,10.888,Slovenia
KHM,2010,0.868,Cambodia
CAN,2010,16.17,Canada
CHL,2010,8.814,Chile
COL,2010,9.113,Colombia
MNE,2014,32.283,Montenegro
MAR,2014,22.434,Morocco
MMR,2014,2.893,Myanmar
NAM,2014,22.368,Namibia
NLD,2014,12.072,Netherlands
NCL,2014,20.238,New Caledonia
NZL,2014,6.466,New Zealand
NIC,2014,4.664,Nicaragua
BGD,2006,3.092,Bangladesh
BEL,2006,12.792,Belgium
BOL,2006,4.167,Bolivia
BIH,2006,37.102,Bosnia and Herzegovina
BWA,2006,19.478,Botswana
MKD,2013,33.963,North Macedonia
NOR,2013,7.217,Norway
PAK,2013,2.534,Pakistan
PAN,2013,3.479,Panama
PRY,2013,4.684,Paraguay
PER,2013,2.782,Peru
POL,2013,20.254,Poland
LTU,2013,32.398,Lithuania
LUX,2013,10.316,Luxembourg
MAC,2013,2.279,"Macao SAR, China"
MWI,2013,4.942,Malawi
MYS,2013,6.932,Malaysia
SRB,2014,18.348,Serbia
SYC,2014,4.356,Seychelles
SLE,2014,6.495,Sierra Leone
SGP,2014,3.526,Singapore
SVK,2014,39.157,Slovak Republic
SVN,2014,14.864,Slovenia
ZAF,2014,31.66,South Africa
BRN,2014,8.299,Brunei Darussalam
BGR,2014,27.21,Bulgaria
BFA,2014,6.019,Burkina Faso
BDI,2014,3.17,Burundi
KHM,2014,0.482,Cambodia
CMR,2014,2.576,Cameroon
CAN,2014,14.258,Canada
CYM,2014,7.598,Cayman Islands
BGR,2016,20.73,Bulgaria
KHM,2016,0.574,Cambodia
CAN,2016,14.072,Canada
IDN,2006,5.823,Indonesia
IRN,2006,10.225,"Iran, Islamic Rep."
IRL,2006,6.69,Ireland
ITA,2006,7.966,Italy
HIC,2014,15.871760385610166,High income
LCN,2014,6.261104092701646,Latin America & Caribbean
LAC,2014,6.19566133686225,Latin America & Caribbean (excluding high income)
TLA,2014,6.261104092701646,Latin America & Caribbean (IDA & IBRD)
NPL,2008,1.031,Nepal
NLD,2008,6.016,Netherlands
MKD,2008,42.209,North Macedonia
NER,2014,1.545,Niger
MKD,2014,32.027,North Macedonia
NOR,2014,8.067,Norway
PAK,2014,1.448,Pakistan
PAN,2014,4.733,Panama
PRY,2014,4.7,Paraguay
PER,2014,2.364,Peru
CHL,2019,6.987,Chile
COL,2019,7.955,Colombia
CRI,2019,11.838,Costa Rica
CIV,2019,4.149,Côte d’Ivoire
HRV,2019,9.139,Croatia
HUN,1999,13.708,Hungary
ISL,1999,2.938,Iceland
IDN,1999,4.751,Indonesia
KAZ,2009,8.013,Kazakhstan
KOR,2009,2.217,"Korea, Rep."
KGZ,2009,16.252,Kyrgyz Republic
LVA,2009,30.929,Latvia
BGR,2004,20.896,Bulgaria
CAN,2004,13.488,Canada
ARG,2013,8.17,Argentina
ARM,2013,15.419,Armenia
AUS,2013,8.626,Australia
AUT,2013,10.882,Austria
AZE,2013,9.42,Azerbaijan
HND,2008,3.467,Honduras
HUN,2008,18.905,Hungary
ISL,2008,4.614,Iceland
IDN,2008,6.466,Indonesia
IRN,2008,8.888,"Iran, Islamic Rep."
IRL,2008,10.669,Ireland
ITA,2008,8.351,Italy
LCN,2002,11.614904148291808,Latin America & Caribbean
LAC,2002,11.474134508477722,Latin America & Caribbean (excluding high income)
TLA,2002,11.70320913988783,Latin America & Caribbean (IDA & IBRD)
NAC,2002,10.61392306203635,North America
OED,2002,12.971774003179364,OECD members
LAC,2013,6.385195283965402,Latin America & Caribbean (excluding high income)
TLA,2013,6.41688169463378,Latin America & Caribbean (IDA & IBRD)
NAC,2013,11.207393653707642,North America
OED,2013,15.73310291005242,OECD members
LCN,2011,7.436768795895231,Latin America & Caribbean
LAC,2011,7.481651075385859,Latin America & Caribbean (excluding high income)
TLA,2011,7.436768795895231,Latin America & Caribbean (IDA & IBRD)
MEA,2011,9.289100557637475,"Middle East, North Africa, Afghanistan & Pakistan"
MNA,2011,9.317349501587946,"Middle East, North Africa, Afghanistan & Pakistan (excluding high income)"
EST,2014,12.79,Estonia
FJI,2014,3.632,Fiji
FIN,2014,17.812,Finland
FRA,2014,17.256,France
GEO,2014,12.76,Georgia
LTE,2000,5.641351518521889,Late-demographic dividend
NAC,2000,9.277049189157744,North America
NLD,1999,6.245,Netherlands
CAN,2015,14.13,Canada
CYM,2015,5.719,Cayman Islands
CHL,2015,6.593,Chile
COL,2015,6.62,Colombia
BDI,2020,0.659,Burundi
KHM,2020,0.22,Cambodia
CAN,2020,17.026,Canada
CHL,2020,11.108,Chile
ALB,2012,11.781,Albania
ARG,2012,8.201,Argentina
ARM,2012,14.427,Armenia
AUS,2012,9.24,Australia
AUT,2012,10.158,Austria
AZE,2012,9.544,Azerbaijan
HUN,2004,12.432,Hungary
ISL,2004,4.479,Iceland
IDN,2004,4.844,Indonesia
GBR,1999,9.333,United Kingdom
USA,1999,9.31,United States
NAC,2016,8.472677044612979,North America
OED,2016,12.702968187617026,OECD members
OSS,2016,16.012545237183023,Other small states
PST,2016,13.965174847130422,Post-demographic dividend
SWE,2005,13.986,Sweden
CHE,2005,8.022,Switzerland
TUN,2005,14.27,Tunisia
IRN,2010,11.191,"Iran, Islamic Rep."
IRL,2010,21.86,Ireland
ISR,2010,11.242,Israel
ITA,2010,10.219,Italy
JAM,2010,5.795,Jamaica
KAZ,2010,7.443,Kazakhstan
HRV,2006,12.177,Croatia
CYP,2006,4.911,Cyprus
EMU,1993,15.232072901654528,Euro area
BGD,2017,3.634,Bangladesh
BRB,2017,9.866,Barbados
BLR,2017,13.248,Belarus
BEL,2017,13.862,Belgium
BLZ,2017,6.545,Belize
BOL,2017,2.815,Bolivia
BIH,2017,19.716,Bosnia and Herzegovina
THA,2016,0.554,Thailand
TLS,2016,4.348,Timor-Leste
TON,2016,1.123,Tonga
TTO,2016,3.926,Trinidad and Tobago
TUN,2016,8.605,Tunisia
TUR,2016,10.043,Türkiye
TUV,2016,8.067,Tuvalu
SEN,2016,6.222,Senegal
SRB,2016,12.431,Serbia
SYC,2016,1.148,Seychelles
SVK,2016,32.11,Slovak Republic
SVN,2016,14.322,Slovenia
ZAF,2016,33.091,South Africa
EMU,2011,19.470914008177797,Euro area
ECS,2011,16.907758885550376,Europe & Central Asia
ECA,2011,13.00771462798879,Europe & Central Asia (excluding high income)
TEC,2011,14.809148207647445,Europe & Central Asia (IDA & IBRD)
EUU,2011,19.18741043334762,European Union
HIC,2011,15.835219993266064,High income
BMU,2010,4.203,Bermuda
BTN,2010,3.59,Bhutan
BIH,2010,31.001,Bosnia and Herzegovina
BWA,2010,21.032,Botswana
BGR,2010,21.044,Bulgaria
ITA,2018,14.401,Italy
JAM,2018,3.634,Jamaica
JOR,2018,18.005,Jordan
KOR,2018,2.993,"Korea, Rep."
XKX,2018,35.113,Kosovo
BGD,2013,3.816,Bangladesh
BEL,2013,15.086,Belgium
BLZ,2013,8.74,Belize
BEN,2013,3.074,Benin
BTN,2013,2.326,Bhutan
BOL,2013,2.838,Bolivia
BIH,2013,29.445,Bosnia and Herzegovina
MMR,2019,0.167,Myanmar
NLD,2019,5.817,Netherlands
NZL,2019,7.501,New Zealand
NER,2019,1.048,Niger
NGA,2019,2.617,Nigeria
HTI,2012,18.037,Haiti
HND,2012,3.711,Honduras
HKG,2012,3.824,"Hong Kong SAR, China"
HUN,2012,24.842,Hungary
ISL,2012,10.205,Iceland
IND,2012,2.954,India
IDN,2012,3.553,Indonesia
IRN,2012,8.685,"Iran, Islamic Rep."
IRQ,2012,7.465,Iraq
IRL,2012,25.196,Ireland
TUN,2008,10.552,Tunisia
TUR,2008,10.619,Türkiye
GBR,2008,8.206,United Kingdom
USA,2008,10.463,United States
URY,2008,9.291,Uruguay
TLS,2013,4.34,Timor-Leste
TTO,2013,3.03,Trinidad and Tobago
TUN,2013,9.91,Tunisia
TUR,2013,9.184,Türkiye
UGA,2013,1.729,Uganda
UKR,2013,6.891,Ukraine
GBR,2013,11.832,United Kingdom
IRL,2011,23.811,Ireland
ISR,2011,8.552,Israel
ITA,2011,10.526,Italy
JAM,2011,6.209,Jamaica
KAZ,2011,7.144,Kazakhstan
KOR,2011,2.126,"Korea, Rep."
NIC,2012,5.495,Nicaragua
MKD,2012,38.77,North Macedonia
NOR,2012,6.352,Norway
PAK,2012,3.659,Pakistan
PAN,2012,3.715,Panama
PRY,2012,3.752,Paraguay
HTI,2003,35.658,Haiti
HUN,2003,12.253,Hungary
ISL,2003,5.519,Iceland
IDN,2003,4.506,Indonesia
IRL,2003,7.009,Ireland
ITA,2003,10.52,Italy
UKR,2014,13.563,Ukraine
GBR,2014,9.774,United Kingdom
USA,2014,8.839,United States
URY,2014,7.89,Uruguay
VNM,2014,0.729,Vietnam
PSE,2014,19.994,West Bank and Gaza
CHL,2023,9.449,Chile
COL,2023,8.802,Colombia
CRI,2023,7.768,Costa Rica
HRV,2023,11.856,Croatia
MEA,2014,10.371451525864256,"Middle East, North Africa, Afghanistan & Pakistan"
MNA,2014,10.372386810367368,"Middle East, North Africa, Afghanistan & Pakistan (excluding high income)"
TMN,2014,10.20645347478829,"Middle East, North Africa, Afghanistan & Pakistan (IDA & IBRD)"
NAC,2014,9.498999254959084,North America
OED,2014,14.724424858835288,OECD members
PST,2014,16.202467034912676,Post-demographic dividend
DEU,2014,11.572,Germany
GRC,2014,28.645,Greece
GRL,2014,15.514,Greenland
GTM,2014,3.599,Guatemala
GIN,2014,5.871,Guinea
HND,2014,7.348,Honduras
HKG,2014,3.913,"Hong Kong SAR, China"
HUN,2001,11.177,Hungary
ISL,2001,2.857,Iceland
IDN,2001,3.847,Indonesia
IRL,2001,6.424,Ireland
ITA,2001,10.98,Italy
LAO,2017,3.361,Lao PDR
LVA,2017,16.438,Latvia
LBR,2017,4.612,Liberia
LTU,2017,20.212,Lithuania
LUX,2017,8.866,Luxembourg
MWI,2017,3.652,Malawi
ROU,2009,7.355,Romania
RUS,2009,17.997,Russian Federation
SMR,2009,3.73,San Marino
SRB,2009,19.501,Serbia
SGP,2009,4.99,Singapore
BIH,2018,20.133,Bosnia and Herzegovina
BRA,2018,14.492,Brazil
BRN,2018,8.948,Brunei Darussalam
BGR,2018,14.637,Bulgaria
BFA,2018,6.447,Burkina Faso
CPV,2018,9.248,Cabo Verde
HUN,2002,11.35,Hungary
ISL,2002,4.51,Iceland
IDN,2002,5.354,Indonesia
IRL,2002,6.726,Ireland
ITA,2002,10.624,Italy
HKG,2020,7.219,"Hong Kong SAR, China"
HUN,2020,10.79,Hungary
ISL,2020,8.388,Iceland
IND,2020,6.368,India
IDN,2020,2.868,Indonesia
NLD,2005,8.774,Netherlands
NIC,2005,4.769,Nicaragua
MKD,2005,45.153,North Macedonia
USA,1998,9.532,United States
URY,1998,10.667,Uruguay
SWE,2008,12.845,Sweden
CHE,2008,6.309,Switzerland
TZA,2008,0.463,Tanzania
HND,2005,5.86,Honduras
HUN,2005,14.273,Hungary
ISL,2005,3.794,Iceland
IND,2005,4.124,India
IDN,2005,5.853,Indonesia
IRN,2005,10.343,"Iran, Islamic Rep."
IRL,2005,7.06,Ireland
SGP,2013,2.53,Singapore
SVK,2013,42.341,Slovak Republic
SVN,2013,17.416,Slovenia
SLB,2013,0.583,Solomon Islands
ZAF,2013,31.231,South Africa
ESP,2013,35.16,Spain
LKA,2013,3.041,Sri Lanka
BEL,2003,11.625,Belgium
BRA,2003,13.075,Brazil
BGR,2003,24.575,Bulgaria
NGA,2016,7.048,Nigeria
MKD,2016,30.427,North Macedonia
NOR,2016,10.508,Norway
OMN,2016,3.28,Oman
PAK,2016,2.445,Pakistan
PAN,2016,4.674,Panama
PRY,2016,5.082,Paraguay
PER,2016,3.194,Peru
PHL,2016,4.462,Philippines
MNG,2018,2.953,Mongolia
MNE,2018,20.343,Montenegro
MMR,2018,0.497,Myanmar
NAM,2018,17.498,Namibia
NLD,2018,6.603,Netherlands
NZL,2018,5.977,New Zealand
HND,2015,5.53,Honduras
HKG,2015,3.708,"Hong Kong SAR, China"
HUN,2015,17.306,Hungary
ISL,2015,6.147,Iceland
IDN,2015,3.088,Indonesia
IRN,2015,8.079,"Iran, Islamic Rep."
EGY,2012,9.888,"Egypt, Arab Rep."
SLV,2012,3.544,El Salvador
EST,2012,22.863,Estonia
FIN,2012,16.384,Finland
FRA,2012,15.957,France
LMC,2010,3.310102035461329,Lower middle income
MNA,2010,9.050970028500815,"Middle East, North Africa, Afghanistan & Pakistan (excluding high income)"
SEN,2011,4.658,Senegal
SRB,2011,26.837,Serbia
SGP,2011,6.923,Singapore
SVK,2011,42.26,Slovak Republic
SVN,2011,12.965,Slovenia
FIN,2006,18.294,Finland
FRA,2006,12.995,France
DEU,2006,19.326,Germany
GHA,2006,5.539,Ghana
GRC,2006,7.876,Greece
MDA,2011,1.055,Moldova
MNG,2011,4.214,Mongolia
MNE,2011,30.135,Montenegro
MAR,2011,10.14,Morocco
NLD,2011,7.661,Netherlands
SRB,2012,27.375,Serbia
SGP,2012,6.648,Singapore
SVK,2012,44.52,Slovak Republic
SVN,2012,14.41,Slovenia
FRA,2011,15.013,France
GEO,2011,11.386,Georgia
DEU,2011,13.432,Germany
GRC,2011,17.916,Greece
GRL,2011,13.808,Greenland
GTM,2011,4.79,Guatemala
BRA,2013,6.884,Brazil
BGR,2013,28.126,Bulgaria
KHM,2013,0.462,Cambodia
CAN,2013,14.569,Canada
CYM,2013,7.553,Cayman Islands
POL,2016,8.771,Poland
PRT,2016,11.832,Portugal
QAT,2016,0.067,Qatar
ROU,2016,7.43,Romania
RUS,2016,14.081,Russian Federation
SMR,2016,4.459,San Marino
BOL,2008,2.437,Bolivia
BIH,2008,28.39,Bosnia and Herzegovina
BRA,2008,9.305,Brazil
BGR,2008,13.601,Bulgaria
KHM,2008,1.076,Cambodia
FRA,2015,17.489,France
GEO,2015,10.199,Georgia
DEU,2015,11.166,Germany
GHA,2015,6.109,Ghana
GRC,2015,26.59,Greece
GRL,2015,13.932,Greenland
GTM,2015,2.905,Guatemala
CEB,2007,16.50291581261576,Central Europe and the Baltics
EMU,2007,13.080674090704196,Euro area
ECS,2007,13.394989999628423,Europe & Central Asia
EUU,2007,13.302288516248838,European Union
GTM,2006,2.722,Guatemala
HND,2006,3.851,Honduras
HUN,2006,16.76,Hungary
ISL,2006,4.612,Iceland
BRN,2021,7.383,Brunei Darussalam
BGR,2021,13.966,Bulgaria
KHM,2021,0.491,Cambodia
CMR,2021,4.434,Cameroon
CAN,2021,14.532,Canada
TZA,2011,3.3,Tanzania
THA,2011,0.501,Thailand
TGO,2011,0.873,Togo
TTO,2011,3.859,Trinidad and Tobago
TUN,2011,12.413,Tunisia
TUR,2011,9.159,Türkiye
HND,2011,4.233,Honduras
HKG,2011,4.232,"Hong Kong SAR, China"
HUN,2011,24.985,Hungary
ISL,2011,10.223,Iceland
IDN,2011,3.829,Indonesia
IRN,2011,10.071,"Iran, Islamic Rep."
HKG,2013,4.116,"Hong Kong SAR, China"
HUN,2013,23.652,Hungary
ISL,2013,8.26,Iceland
IDN,2013,3.354,Indonesia
IRN,2013,7.335,"Iran, Islamic Rep."
IRL,2013,21.827,Ireland
ISR,2013,10.945,Israel
ITA,2013,15.775,Italy
JAM,2013,6.866,Jamaica
HUN,2000,11.499,Hungary
ISL,2000,2.982,Iceland
IND,2000,3.941,India
IDN,2000,5.081,Indonesia
IRL,2000,7.907,Ireland
CHE,2020,8.266,Switzerland
TZA,2020,1.433,Tanzania
THA,2020,0.886,Thailand
TTO,2020,5.08,Trinidad and Tobago
TUR,2020,12.549,Türkiye
EST,2016,12.887,Estonia
SWZ,2016,25.39,Eswatini
FJI,2016,2.575,Fiji
FIN,2016,17.372,Finland
FRA,2016,17.814,France
GEO,2016,12.303,Georgia
DEU,2016,10.1,Germany
IRL,2007,8.066,Ireland
ITA,2007,7.256,Italy
KOR,2007,1.833,"Korea, Rep."
AGO,2019,14.944,Angola
ARG,2019,12.303,Argentina
ARM,2019,11.576,Armenia
AUS,2019,9.852,Australia
AUT,2019,10.715,Austria
AZE,2019,10.04,Azerbaijan
BHS,2019,18.349,"Bahamas, The"
PRY,2011,4.61,Paraguay
PER,2011,2.8,Peru
PHL,2011,5.87,Philippines
POL,2011,18.057,Poland
PRT,2011,13.686,Portugal
ROU,2011,7.047,Romania
RUS,2011,16.415,Russian Federation
NLD,1998,7.449,Netherlands
CAN,2002,13.983,Canada
COL,2002,14.713,Colombia
KGZ,2011,10.606,Kyrgyz Republic
LVA,2011,29.102,Latvia
LTU,2011,37.728,Lithuania
LUX,2011,8.474,Luxembourg
TGO,2006,3.667,Togo
TUN,2006,12.985,Tunisia
TUR,2006,9.851,Türkiye
ALB,2009,11.55,Albania
AGO,2009,6.696,Angola
ARG,2009,10.267,Argentina
ARM,2009,14.439,Armenia
AUS,2009,9.234,Australia
AUT,2009,11.15,Austria
AZE,2009,8.13,Azerbaijan
UKR,2016,8.038,Ukraine
GBR,2016,7.409,United Kingdom
USA,2016,7.492,United States
URY,2016,9.303,Uruguay
VEN,2016,4.673,"Venezuela, RB"
VNM,2016,1.169,Vietnam
PSE,2016,21.52,West Bank and Gaza
EGY,2018,4.113,"Egypt, Arab Rep."
SLV,2018,3.748,El Salvador
EST,2018,10.536,Estonia
FIN,2018,17.098,Finland
FRA,2018,15.93,France
IRL,2004,7.479,Ireland
ITA,2004,9.597,Italy
KOR,2004,2.214,"Korea, Rep."
ROU,2015,7.915,Romania
RUS,2015,13.911,Russian Federation
SEN,2015,8.4,Senegal
SRB,2015,15.113,Serbia
SYC,2015,3.439,Seychelles
BOL,2011,2.158,Bolivia
BIH,2011,30.925,Bosnia and Herzegovina
BRA,2011,8.735,Brazil
BGR,2011,26.014,Bulgaria
NLD,2010,8.227,Netherlands
NZL,2010,10.334,New Zealand
MKD,2010,42.247,North Macedonia
NOR,2010,6.973,Norway
PAK,2010,0.654,Pakistan
DOM,2010,5.898,Dominican Republic
ECU,2010,3.181,Ecuador
EGY,2010,2.943,"Egypt, Arab Rep."
SLV,2010,4.581,El Salvador
EST,2010,30.005,Estonia
LCN,2004,10.91895163166278,Latin America & Caribbean
LAC,2004,10.866959161970934,Latin America & Caribbean (excluding high income)
TLA,2004,10.91895163166278,Latin America & Caribbean (IDA & IBRD)
UKR,2020,11.822,Ukraine
GBR,2020,6.445,United Kingdom
USA,2020,11.724,United States
VUT,2020,3.638,Vanuatu
VNM,2020,1.405,Vietnam
CEB,1997,12.24386290322579,Central Europe and the Baltics
CYP,2013,20.009,Cyprus
CZE,2013,25.654,Czechia
DNK,2013,12.234,Denmark
DOM,2013,7.678,Dominican Republic
ECU,2013,1.937,Ecuador
EGY,2013,9.89,"Egypt, Arab Rep."
SLV,2013,3.482,El Salvador
BLR,2009,13.085,Belarus
BEL,2009,12.814,Belgium
BMU,2009,4.55,Bermuda
BTN,2009,5.726,Bhutan
BOL,2009,2.887,Bolivia
BIH,2009,31.119,Bosnia and Herzegovina
HIC,2016,13.845729352965291,High income
IDB,2016,5.562220161991239,IDA blend
LCN,2016,9.988215000168283,Latin America & Caribbean
LAC,2016,10.368029900114848,Latin America & Caribbean (excluding high income)
TLA,2016,9.988215000168283,Latin America & Caribbean (IDA & IBRD)
EMU,1996,16.031500406006707,Euro area
EUU,1996,15.85778576508218,European Union
EUU,1999,14.548273405749166,European Union
TUR,2001,7.921,Türkiye
UKR,2001,4.098,Ukraine
GBR,2001,7.665,United Kingdom
USA,2001,9.67,United States
URY,2001,17.173,Uruguay
MEX,2020,4.181,Mexico
MDA,2020,0.764,Moldova
MNG,2020,4.631,Mongolia
MNE,2020,33.683,Montenegro
MMR,2020,1.161,Myanmar
THA,2018,0.614,Thailand
TON,2018,2.401,Tonga
TUR,2018,10.025,Türkiye
ARG,2006,11.366,Argentina
AUT,2006,10.598,Austria
JAM,2008,5.372,Jamaica
KOR,2008,1.955,"Korea, Rep."
LVA,2008,14.425,Latvia
BWA,2009,21.115,Botswana
BRA,2009,10.685,Brazil
BGR,2009,15.236,Bulgaria
CPV,2009,14.828,Cabo Verde
KHM,2009,0.594,Cambodia
CAN,2009,16.073,Canada
SAU,2018,1.868,Saudi Arabia
SRB,2018,12.27,Serbia
SLE,2018,4.096,Sierra Leone
SVK,2018,30.808,Slovak Republic
SVN,2018,8.416,Slovenia
CHL,2021,9.169,Chile
COL,2021,10.687,Colombia
COM,2021,4.636,Comoros
CRI,2021,16.15,Costa Rica
HRV,2021,11.043,Croatia
CYP,2021,7.892,Cyprus
ALB,2018,9.907,Albania
ATG,2018,10.52,Antigua and Barbuda
ARG,2018,11.082,Argentina
ARM,2018,7.052,Armenia
AUS,2018,9.826,Australia
AUT,2018,11.453,Austria
AZE,2018,10.193,Azerbaijan
SVN,1999,9.869,Slovenia
ESP,1999,16.302,Spain
SWE,1999,11.435,Sweden
CHE,1999,5.475,Switzerland
BLR,1999,8.207,Belarus
BEL,1999,13.642,Belgium
BOL,1999,5.052,Bolivia
BRA,1999,13.404,Brazil
EMU,1995,16.092634977223604,Euro area
EUU,1995,15.884888226038216,European Union
KGZ,2018,6.453,Kyrgyz Republic
LVA,2018,17.02,Latvia
LTU,2018,17.126,Lithuania
LUX,2018,7.928,Luxembourg
GEO,2017,10.936,Georgia
DEU,2017,9.615,Germany
GHA,2017,2.803,Ghana
GRC,2017,23.901,Greece
GTM,2017,3.056,Guatemala
ARG,2020,14.823,Argentina
ARM,2020,7.806,Armenia
AUS,2020,10.905,Australia
AUT,2020,11.533,Austria
AZE,2020,15.514,Azerbaijan
BLR,2020,11.043,Belarus
BEL,2020,11.62,Belgium
NAC,2005,9.294021870554412,North America
OED,2005,12.891798709740144,OECD members
PST,2005,11.712855260447157,Post-demographic dividend
MYS,2012,3.653,Malaysia
MLT,2012,9.342,Malta
MRT,2012,17.457,Mauritania
MUS,2012,6.511,Mauritius
MEX,2012,5.015,Mexico
MDA,2012,0.648,Moldova
TZA,2012,1.861,Tanzania
THA,2012,0.537,Thailand
TTO,2012,5.146,Trinidad and Tobago
TUN,2012,12.156,Tunisia
TUR,2012,8.599,Türkiye
UGA,2012,4.125,Uganda
PER,2012,2.634,Peru
PHL,2012,6.349,Philippines
POL,2012,19.297,Poland
PRT,2012,16.093,Portugal
ROU,2012,6.597,Romania
RUS,2012,13.773,Russian Federation
WSM,2012,10.419,Samoa
BWA,2019,22.748,Botswana
BRA,2019,14.166,Brazil
BRN,2019,8.587,Brunei Darussalam
BGR,2019,12.173,Bulgaria
BFA,2019,2.913,Burkina Faso
CPV,2019,10.42,Cabo Verde
KHM,2019,0.394,Cambodia
CAN,2019,11.537,Canada
NLD,2004,7.149,Netherlands
NOR,2004,7.894,Norway
SWE,2013,18.791,Sweden
CHE,2013,8.555,Switzerland
TZA,2013,3.219,Tanzania
THA,2013,0.181,Thailand
BHR,2012,1.497,Bahrain
BEL,2012,13.201,Belgium
BLZ,2012,16.024,Belize
BMU,2012,12.001,Bermuda
BTN,2012,3.705,Bhutan
BOL,2012,1.625,Bolivia
PAK,2009,0.557,Pakistan
PRY,2009,5.368,Paraguay
PER,2009,3.364,Peru
PHL,2009,6.287,Philippines
POL,2009,14.519,Poland
PRT,2009,10.296,Portugal
KHM,2003,1.08,Cambodia
CAN,2003,13.743,Canada
CHL,2003,10.056,Chile
COL,2003,12.906,Colombia
TUR,2004,9.858,Türkiye
DOM,2020,4.08,Dominican Republic
EGY,2020,6.045,"Egypt, Arab Rep."
SLV,2020,3.967,El Salvador
EST,2020,13.567,Estonia
CAN,2008,11.952,Canada
COL,2008,8.62,Colombia
LAC,2019,11.17955734423529,Latin America & Caribbean (excluding high income)
TLA,2019,11.012539289659264,Latin America & Caribbean (IDA & IBRD)
LMC,2019,5.419687987000435,Lower middle income
MEA,2019,6.874970221540272,"Middle East, North Africa, Afghanistan & Pakistan"
MNA,2019,7.278847400319454,"Middle East, North Africa, Afghanistan & Pakistan (excluding high income)"
TMN,2019,6.818398806417064,"Middle East, North Africa, Afghanistan & Pakistan (IDA & IBRD)"
NAC,2019,6.380638961399008,North America
OED,2019,10.498257733207977,OECD members
DEU,2009,16.262,Germany
GRC,2009,9.276,Greece
HND,2009,3.482,Honduras
HKG,2009,6.561,"Hong Kong SAR, China"
UGA,2017,3.138,Uganda
UKR,2017,1.076,Ukraine
ARE,2017,1.091,United Arab Emirates
GBR,2017,6.702,United Kingdom
USA,2017,6.551,United States
URY,2017,9.402,Uruguay
VEN,2017,3.943,"Venezuela, RB"
VNM,2017,1.27,Vietnam
PSE,2017,22.446,West Bank and Gaza
EMU,1997,16.080224928221867,Euro area
EUU,1997,15.426149366610035,European Union
LAC,2017,11.553063641602108,Latin America & Caribbean (excluding high income)
TLA,2017,11.124583456196852,Latin America & Caribbean (IDA & IBRD)
NAC,2017,7.513222917616813,North America
OED,2017,11.521792160023146,OECD members
MLI,2013,11.371,Mali
MLT,2013,9.484,Malta
MUS,2013,6.671,Mauritius
MEX,2013,5.044,Mexico
MDA,2013,0.685,Moldova
MNG,2013,3.197,Mongolia
MNE,2013,41.66,Montenegro
TUN,2007,11.425,Tunisia
TUR,2007,9.701,Türkiye
GBR,2007,7.025,United Kingdom
USA,2007,7.952,United States
ECS,2021,13.053203883589672,Europe & Central Asia
ECA,2021,11.551789913115382,Europe & Central Asia (excluding high income)
TEC,2021,11.249581033758911,Europe & Central Asia (IDA & IBRD)
EUU,2021,14.90372852474793,European Union
HIC,2021,11.36481370826896,High income
IBD,2021,10.659181970665744,IBRD only
LCN,2021,12.01494534558099,Latin America & Caribbean
LCN,2008,7.91971882566618,Latin America & Caribbean
LAC,2008,8.00223832016449,Latin America & Caribbean (excluding high income)
TLA,2008,7.91971882566618,Latin America & Caribbean (IDA & IBRD)
LTU,2008,12.454,Lithuania
LUX,2008,7.177,Luxembourg
BEL,2004,11.986,Belgium
BOL,2004,2.399,Bolivia
BRA,2004,11.775,Brazil
KHM,2007,0.94,Cambodia
CMR,2007,4.207,Cameroon
CAN,2007,12.129,Canada
COL,2007,8.475,Colombia
UKR,2012,6.362,Ukraine
GBR,2012,12.144,United Kingdom
USA,2012,12.739,United States
URY,2012,7.622,Uruguay
VEN,2012,6.087,"Venezuela, RB"
VNM,2012,0.674,Vietnam
PSE,2012,18.338,West Bank and Gaza
LCN,2003,12.085116537923744,Latin America & Caribbean
LAC,2003,12.055225605955556,Latin America & Caribbean (excluding high income)
TLA,2003,12.085116537923744,Latin America & Caribbean (IDA & IBRD)
NAC,2003,10.757522356719786,North America
OED,2003,12.99488750323212,OECD members
TGO,2019,1.325,Togo
TTO,2019,4.184,Trinidad and Tobago
TUN,2019,12.767,Tunisia
TUR,2019,13.13,Türkiye
UGA,2019,2.687,Uganda
UKR,2019,9.947,Ukraine
SLV,2017,3.692,El Salvador
EST,2017,10.768,Estonia
FIN,2017,16.03,Finland
FRA,2017,16.934,France
JOR,2019,18.094,Jordan
KEN,2019,4.145,Kenya
KIR,2019,8.783,Kiribati
KOR,2019,3.441,"Korea, Rep."
XKX,2019,30.409,Kosovo
LVA,2019,12.775,Latvia
BOL,2007,3.531,Bolivia
BIH,2007,37.802,Bosnia and Herzegovina
BRA,2007,10.516,Brazil
BGR,2007,16.69,Bulgaria
CYP,2014,19.966,Cyprus
CZE,2014,22.092,Czechia
DNK,2014,11.373,Denmark
DOM,2014,6.118,Dominican Republic
ECU,2014,2.161,Ecuador
EGY,2014,11.541,"Egypt, Arab Rep."
SLV,2014,3.807,El Salvador
THA,2017,0.649,Thailand
TGO,2017,4.775,Togo
TUN,2017,8.309,Tunisia
TUR,2017,9.708,Türkiye
TUV,2017,35.593,Tuvalu
NZL,2011,10.149,New Zealand
NER,2011,0.905,Niger
MKD,2011,38.732,North Macedonia
NOR,2011,7.038,Norway
PAK,2011,0.76,Pakistan
PAN,2011,4.077,Panama
BEL,2000,10.257,Belgium
MUS,2010,7.371,Mauritius
MEX,2010,5.581,Mexico
MDA,2010,1.125,Moldova
MNG,2010,5.326,Mongolia
NAM,2010,20.748,Namibia
AGO,2021,12.504,Angola
ARG,2021,10.395,Argentina
ARM,2021,7.087,Armenia
AUS,2021,9.674,Australia
AUT,2021,14.347,Austria
AZE,2021,13.059,Azerbaijan
CEB,2008,14.547822848814038,Central Europe and the Baltics
EMU,2008,12.95116910816114,Euro area
ECS,2008,13.041058366517271,Europe & Central Asia
EUU,2008,12.848523684022997,European Union
HIC,2008,11.3872864289072,High income
NLD,2003,5.796,Netherlands
NOR,2003,8.909,Norway
EMU,1994,16.898530012305084,Euro area
ZAF,2017,33.947,South Africa
ESP,2017,24.445,Spain
LKA,2017,2.577,Sri Lanka
LCA,2017,27.543,St. Lucia
SWE,2017,18.528,Sweden
CHE,2017,8.195,Switzerland
LUX,2020,11.614,Luxembourg
MWI,2020,0.703,Malawi
MYS,2020,4.05,Malaysia
MLI,2020,8.782,Mali
MLT,2020,6.491,Malta
MUS,2020,8.839,Mauritius
BRB,2018,9.57,Barbados
BLR,2018,10.522,Belarus
BEL,2018,12.123,Belgium
BLZ,2018,11.424,Belize
BTN,2018,7.061,Bhutan
BOL,2018,2.486,Bolivia
ESP,2014,33.051,Spain
LKA,2014,3.036,Sri Lanka
SUR,2014,8.364,Suriname
SWE,2014,19.084,Sweden
CHE,2014,8.253,Switzerland
KOR,2010,2.562,"Korea, Rep."
LAO,2010,0.548,Lao PDR
LVA,2010,32.95,Latvia
LBR,2010,2.463,Liberia
PRT,2019,6.588,Portugal
QAT,2019,0.027,Qatar
ROU,2019,5.867,Romania
RUS,2019,10.983,Russian Federation
RWA,2019,10.201,Rwanda
SAU,2019,1.39,Saudi Arabia
SEN,2019,4.916,Senegal
TUR,2002,9.786,Türkiye
GBR,2002,8.074,United Kingdom
USA,2002,10.107,United States
URY,2002,19.731,Uruguay
LVA,2004,18.194,Latvia
LTU,2004,13.934,Lithuania
LUX,2004,7.01,Luxembourg
ROU,2008,6.793,Romania
SRB,2008,15.213,Serbia
LTU,2009,29.538,Lithuania
LUX,2009,8.314,Luxembourg
MAC,2009,4.453,"Macao SAR, China"
MYS,2009,2.898,Malaysia
MDV,2009,7.735,Maldives
MLI,2009,4.615,Mali
HND,2007,3.617,Honduras
HUN,2007,17.533,Hungary
ISL,2007,3.603,Iceland
IDN,2007,5.972,Indonesia
IRN,2007,9.249,"Iran, Islamic Rep."
IRQ,2007,9.571,Iraq
TUN,2010,9.238,Tunisia
TUR,2010,11.556,Türkiye
TUV,2010,5.95,Tuvalu
UGA,2010,1.598,Uganda
GBR,2010,11.822,United Kingdom
USA,2010,15.274,United States
URY,2010,8.665,Uruguay
PAN,2010,5.538,Panama
PNG,2010,1.63,Papua New Guinea
PRY,2010,4.745,Paraguay
PER,2010,2.887,Peru
PHL,2010,6.212,Philippines
POL,2010,17.294,Poland
PRT,2010,11.7,Portugal
ROU,2010,5.752,Romania
CYP,2016,15.498,Cyprus
CZE,2016,20.466,Czechia
DNK,2016,9.177,Denmark
DOM,2016,6.482,Dominican Republic
ECU,2016,2.811,Ecuador
EGY,2016,8.614,"Egypt, Arab Rep."
SLV,2016,3.407,El Salvador
GTM,2010,5.092,Guatemala
HND,2010,3.849,Honduras
HKG,2010,5.108,"Hong Kong SAR, China"
HUN,2010,25.06,Hungary
ISL,2010,10.509,Iceland
IND,2010,3.035,India
IDN,2010,4.174,Indonesia
DOM,2011,6.452,Dominican Republic
ECU,2011,2.43,Ecuador
EGY,2011,8.618,"Egypt, Arab Rep."
SLV,2011,3.911,El Salvador
EST,2011,25.486,Estonia
FJI,2011,2.837,Fiji
FIN,2011,15.989,Finland
MEX,2006,3.709,Mexico
MDA,2006,3.177,Moldova
MNG,2006,6.197,Mongolia
NRU,2006,18.419,Nauru
NLD,2006,7.934,Netherlands
GBR,2006,6.852,United Kingdom
USA,2006,8.126,United States
URY,2006,12.585,Uruguay
VUT,2006,8.599,Vanuatu
VEN,2006,8.741,"Venezuela, RB"
PSE,2006,21.093,West Bank and Gaza
NLD,2007,6.905,Netherlands
HUN,2019,9.529,Hungary
ISL,2019,5.719,Iceland
IND,2019,4.937,India
IDN,2019,2.377,Indonesia
IRN,2019,7.302,"Iran, Islamic Rep."
IRL,2019,8.63,Ireland
ISR,2019,6.146,Israel
ITA,2019,13.603,Italy
JAM,2019,2.952,Jamaica
TSA,2022,3.167414443835665,South Asia (IDA & IBRD)
ALB,2022,9.437,Albania
AGO,2022,17.162,Angola
ARG,2022,7.777,Argentina
BEL,2001,10.842,Belgium
BOL,2001,5.708,Bolivia
BIH,2001,17.03,Bosnia and Herzegovina
BRA,2001,12.864,Brazil
ITA,2005,9.152,Italy
KEN,2005,9.313,Kenya
KOR,2005,2.313,"Korea, Rep."
IRL,2015,16.807,Ireland
ISR,2015,9.539,Israel
ITA,2015,15.437,Italy
KIR,2015,9.325,Kiribati
DEU,2013,12.097,Germany
GHA,2013,2.144,Ghana
GRC,2013,29.91,Greece
GRL,2013,15.058,Greenland
GTM,2013,3.937,Guatemala
HND,2013,5.536,Honduras
NLD,2001,3.023,Netherlands
NIC,2001,5.653,Nicaragua
NOR,2001,6.952,Norway
MLT,2009,9.021,Malta
MUS,2009,7.077,Mauritius
MEX,2009,5.759,Mexico
MDA,2009,1.378,Moldova
MNG,2009,3.482,Mongolia
IRN,2020,7.064,"Iran, Islamic Rep."
IRL,2020,8.047,Ireland
ISR,2020,7.01,Israel
ITA,2020,12.816,Italy
JAM,2020,3.245,Jamaica
JOR,2020,20.62,Jordan
KIR,2020,8.934,Kiribati
ISR,2023,5.874,Israel
ITA,2023,11.258,Italy
JAM,2023,1.389,Jamaica
JOR,2023,18.633,Jordan
KIR,2023,2.603,Kiribati
KOR,2023,2.842,"Korea, Rep."
XKX,2023,20.219,Kosovo
BGR,2001,33.15,Bulgaria
KHM,2001,2.369,Cambodia
CAN,2001,12.926,Canada
BTN,2023,2.205,Bhutan
BOL,2023,1.77,Bolivia
BIH,2023,13.894,Bosnia and Herzegovina
BWA,2023,27.148,Botswana
BRA,2023,10.019,Brazil
BRN,2023,6.565,Brunei Darussalam
BGR,2023,11.981,Bulgaria
BFA,2023,7.238,Burkina Faso
KHM,2023,0.259,Cambodia
CAN,2023,11.711,Canada
MKD,2006,43.544,North Macedonia
NOR,2006,6.598,Norway
PAK,2006,0.596,Pakistan
GMB,2018,4.332,"Gambia, The"
GEO,2018,10.491,Georgia
DEU,2018,8.852,Germany
GRC,2018,21.782,Greece
GRD,2018,15.086,Grenada
GTM,2018,2.61,Guatemala
GNB,2018,3.433,Guinea-Bissau
GUY,2018,13.82,Guyana
AUT,2002,7.997,Austria
SWE,2009,15.82,Sweden
CHE,2009,7.968,Switzerland
TJK,2009,7.002,Tajikistan
TSA,2020,6.338772884054289,South Asia (IDA & IBRD)
AFG,2020,12.036,Afghanistan
ALB,2020,9.345,Albania
AGO,2020,13.398,Angola
TUN,2009,10.407,Tunisia
TUR,2009,13.812,Türkiye
GBR,2009,10.69,United Kingdom
USA,2009,14.852,United States
URY,2009,9.582,Uruguay
SAU,2023,1.34,Saudi Arabia
SEN,2023,7.372,Senegal
SRB,2023,8.862,Serbia
SYC,2023,2.917,Seychelles
SGP,2023,3.732,Singapore
SVK,2023,38.094,Slovak Republic
SVN,2023,8.61,Slovenia
ZAF,2023,39.378,South Africa
ESP,2023,17.303,Spain
EST,2008,11.964,Estonia
FIN,2008,12.211,Finland
FRA,2008,11.59,France
GBR,2004,7.533,United Kingdom
USA,2004,9.884,United States
URY,2004,15.537,Uruguay
PSE,2004,26.691,West Bank and Gaza
MDV,2014,5.587,Maldives
MLI,2014,7.155,Mali
MLT,2014,9.006,Malta
MUS,2014,6.432,Mauritius
MEX,2014,4.794,Mexico
FSM,2014,9.605,"Micronesia, Fed. Sts."
MDA,2014,0.525,Moldova
MNG,2014,3.738,Mongolia
NOR,2008,5.466,Norway
OMN,2008,3.31,Oman
PAK,2008,0.307,Pakistan
PRY,2008,4.844,Paraguay
PER,2008,3.147,Peru
POL,2008,11.955,Poland
PRT,2008,7.839,Portugal
UGA,2021,1.548,Uganda
UKR,2021,11.734,Ukraine
ARE,2021,0.249,United Arab Emirates
GBR,2021,7.486,United Kingdom
USA,2021,8.056,United States
VNM,2021,2.016,Vietnam
PSE,2021,23.104,West Bank and Gaza
ZAF,2011,31.02,South Africa
ESP,2011,28.83,Spain
LKA,2011,3.101,Sri Lanka
SDN,2011,18.561,Sudan
SWE,2011,16.503,Sweden
CHE,2011,8.178,Switzerland
KOR,2003,1.893,"Korea, Rep."
LVA,2003,20.829,Latvia
NLD,2002,3.678,Netherlands
NOR,2002,7.981,Norway
TUR,2003,10.18,Türkiye
GBR,2003,7.44,United Kingdom
USA,2003,10.321,United States
LVA,2023,15.904,Latvia
LTU,2023,18.065,Lithuania
LUX,2023,9.642,Luxembourg
MLI,2023,12.542,Mali
NLD,2000,4.435,Netherlands
NOR,2000,6.568,Norway
PLW,2000,6.49,Palau
DEU,2019,7.947,Germany
GRC,2019,20.184,Greece
GRD,2019,10.474,Grenada
GTM,2019,2.626,Guatemala
GIN,2019,6.005,Guinea
GNB,2019,1.918,Guinea-Bissau
GUY,2019,13.012,Guyana
HND,2019,5.128,Honduras
HKG,2019,3.438,"Hong Kong SAR, China"
SMR,2021,4.607,San Marino
SAU,2021,4.076,Saudi Arabia
SRB,2021,10.258,Serbia
SGP,2021,5.489,Singapore
SVK,2021,42.755,Slovak Republic
SVN,2021,9.057,Slovenia
EST,2009,27.775,Estonia
FIN,2009,14.678,Finland
FRA,2009,14.157,France
GEO,2009,19.828,Georgia
COD,2020,1.635,"Congo, Dem. Rep."
CRI,2020,18.182,Costa Rica
HRV,2020,10.209,Croatia
CUW,2020,25.41,Curaçao
CYP,2020,7.181,Cyprus
CZE,2020,10.4,Czechia
DNK,2020,9.407,Denmark
SVK,2001,42.827,Slovak Republic
SVN,2001,8.924,Slovenia
ZAF,2001,34.207,South Africa
ESP,2001,11.625,Spain
PRY,2006,5.942,Paraguay
PER,2006,3.615,Peru
POL,2006,22.13,Poland
PRT,2006,7.924,Portugal
ROU,2006,7.392,Romania
MUS,2003,5.567,Mauritius
MEX,2003,3.526,Mexico
MDA,2003,4.655,Moldova
MNG,2003,6.149,Mongolia
LUX,2006,6.942,Luxembourg
MLT,2006,8.988,Malta
MUS,2006,8.996,Mauritius
DEU,2003,15.726,Germany
GRC,2003,8.306,Greece
GTM,2003,3.935,Guatemala
ESP,2016,27.62,Spain
LKA,2016,3.058,Sri Lanka
LCA,2016,11.124,St. Lucia
SUR,2016,9.141,Suriname
SWE,2016,18.841,Sweden
CHE,2016,9.503,Switzerland
SWE,2010,16.964,Sweden
CHE,2010,8.33,Switzerland
TZA,2010,1.695,Tanzania
THA,2010,0.513,Thailand
TLS,2010,2.691,Timor-Leste
TGO,2010,8.079,Togo
TTO,2010,5.087,Trinidad and Tobago
CEB,1998,13.277104716045224,Central Europe and the Baltics
EMU,1998,15.71038361530288,Euro area
EUU,1998,14.86844299974438,European Union
AUT,2003,8.73,Austria
FIN,2010,14.994,Finland
FRA,2010,15.154,France
GEO,2010,19.028,Georgia
DEU,2010,15.113,Germany
GHA,2010,5.442,Ghana
GRC,2010,12.479,Greece
GRL,2010,11.219,Greenland
BEL,2002,11.187,Belgium
BOL,2002,4.531,Bolivia
BRA,2002,12.588,Brazil
BGR,2002,29.645,Bulgaria
UKR,2018,10.309,Ukraine
ARE,2018,1.226,United Arab Emirates
GBR,2018,6.162,United Kingdom
USA,2018,5.872,United States
URY,2018,9.868,Uruguay
VNM,2018,0.857,Vietnam
PSE,2018,24.02,West Bank and Gaza
MLT,2008,8.199,Malta
MUS,2008,6.859,Mauritius
MEX,2008,4.103,Mexico
MDA,2008,0.978,Moldova
MNG,2008,5.004,Mongolia
GRC,2021,16.253,Greece
GRD,2021,13.391,Grenada
GTM,2021,2.83,Guatemala
HND,2021,9.12,Honduras
HKG,2021,6.121,"Hong Kong SAR, China"
HUN,2021,10.918,Hungary
ISL,2021,9.959,Iceland
BRB,2019,9.431,Barbados
BLR,2019,8.709,Belarus
BEL,2019,10.788,Belgium
BLZ,2019,9.937,Belize
BEN,2019,1.139,Benin
BTN,2019,3.309,Bhutan
BOL,2019,2.913,Bolivia
BIH,2019,15.005,Bosnia and Herzegovina
NLD,2015,10.731,Netherlands
NZL,2015,6.574,New Zealand
MKD,2015,30.36,North Macedonia
NOR,2015,9.175,Norway
AUS,2011,8.615,Australia
AUT,2011,9.621,Austria
AZE,2011,11.157,Azerbaijan
BHR,2011,1.532,Bahrain
BGD,2011,2.596,Bangladesh
BEL,2011,13.206,Belgium
BEN,2011,2.456,Benin
LBN,2019,9.544,Lebanon
LSO,2019,17.812,Lesotho
LTU,2019,18.124,Lithuania
LUX,2019,8.08,Luxembourg
MDV,2019,5.182,Maldives
FIN,2023,16.27,Finland
FRA,2023,13.243,France
GMB,2023,6.465,"Gambia, The"
GEO,2023,8.156,Georgia
DEU,2023,6.326,Germany
GHA,2023,2.883,Ghana
GRC,2023,12.157,Greece
GRD,2023,6.726,Grenada
SRB,2019,10.579,Serbia
SVK,2019,31.888,Slovak Republic
SVN,2019,9.333,Slovenia
SOM,2019,19.871,"Somalia, Federal Republic of"
ZAF,2019,35.452,South Africa
ESP,2019,20.016,Spain
KOR,2001,3.512,"Korea, Rep."
LVA,2001,22.058,Latvia
PHL,2017,1.282,Philippines
POL,2017,7.126,Poland
PRT,2017,9.55,Portugal
QAT,2017,0.063,Qatar
ROU,2017,6.567,Romania
RUS,2017,13.592,Russian Federation
RWA,2017,10.56,Rwanda
WSM,2017,8.411,Samoa
STP,2017,7.306,São Tomé and Príncipe
MUS,2004,8.56,Mauritius
MEX,2004,4.023,Mexico
MDA,2004,4.65,Moldova
MAR,2004,27.805,Morocco
MUS,2002,7.573,Mauritius
MEX,2002,3.152,Mexico
MDA,2002,5.086,Moldova
AUT,2007,9.644,Austria
BEL,2007,11.785,Belgium
LCN,2006,9.555751573610994,Latin America & Caribbean
LAC,2006,9.579882577696694,Latin America & Caribbean (excluding high income)
TLA,2006,9.555751573610994,Latin America & Caribbean (IDA & IBRD)
NAC,2006,8.732404512842455,North America
OED,2006,11.96269684558842,OECD members
BRA,2006,11.199,Brazil
BGR,2006,19.45,Bulgaria
BFA,2006,9.472,Burkina Faso
BDI,2006,3.586,Burundi
CAN,2006,12.466,Canada
ALB,2007,14.214,Albania
TUR,2005,10.15,Türkiye
GBR,2005,6.638,United Kingdom
USA,2005,8.804,United States
URY,2005,14.247,Uruguay
VEN,2005,10.972,"Venezuela, RB"
PER,2020,4.622,Peru
POL,2020,4.445,Poland
PRT,2020,6.487,Portugal
PRI,2020,29.082,Puerto Rico
QAT,2020,0.046,Qatar
ROU,2020,7.623,Romania
RUS,2020,12.61,Russian Federation
RWA,2020,10.648,Rwanda
CRI,2010,9.095,Costa Rica
HRV,2010,12.743,Croatia
CUB,2010,2.974,Cuba
CYP,2010,7.173,Cyprus
CZE,2010,25.016,Czechia
DNK,2010,11.983,Denmark
KGZ,2012,15.074,Kyrgyz Republic
LVA,2012,26.536,Latvia
LTU,2012,33.916,Lithuania
LUX,2012,8.349,Luxembourg
MAC,2012,2.337,"Macao SAR, China"
MDG,2012,0.425,Madagascar
SLE,2003,10.421,Sierra Leone
SVK,2003,47.784,Slovak Republic
SVN,2003,10.336,Slovenia
ZAF,2003,37.183,South Africa
ESP,2003,12.858,Spain
PER,2023,3.362,Peru
PHL,2023,1.892,Philippines
POL,2023,4.435,Poland
PRT,2023,7.395,Portugal
ROU,2023,14.272,Romania
RUS,2023,8.264,Russian Federation
RWA,2023,11.862,Rwanda
RUS,2010,16.723,Russian Federation
SMR,2010,3.551,San Marino
SRB,2010,22.887,Serbia
SGP,2010,3.55,Singapore
SVK,2010,44.123,Slovak Republic
SWZ,2021,36.919,Eswatini
ETH,2021,4.539,Ethiopia
FIN,2021,15.986,Finland
FRA,2021,14.444,France
GEO,2021,12.474,Georgia
DEU,2021,7.629,Germany
GHA,2021,2.948,Ghana
EST,2019,9.644,Estonia
FIN,2019,15.371,Finland
FRA,2019,15.438,France
GEO,2019,11.274,Georgia
CYP,2019,7.59,Cyprus
CZE,2019,10.696,Czechia
DNK,2019,8.403,Denmark
DOM,2019,4.766,Dominican Republic
ECU,2019,2.026,Ecuador
EGY,2019,4.903,"Egypt, Arab Rep."
SLV,2019,3.393,El Salvador
MKD,2018,24.732,North Macedonia
NOR,2018,8.726,Norway
PAK,2018,3.856,Pakistan
PAN,2018,4.655,Panama
ISL,2022,7.29,Iceland
IND,2022,3.095,India
IDN,2022,1.985,Indonesia
IRN,2022,6.702,"Iran, Islamic Rep."
IRL,2022,8.246,Ireland
ISR,2022,6.873,Israel
ITA,2022,11.549,Italy
JAM,2022,2.146,Jamaica
JOR,2022,20.469,Jordan
CMR,2005,21.474,Cameroon
CAN,2005,12.482,Canada
COL,2005,10.311,Colombia
LTU,2010,39.375,Lithuania
LUX,2010,6.174,Luxembourg
MAC,2010,3.521,"Macao SAR, China"
MYS,2010,2.373,Malaysia
MLT,2010,9.379,Malta
FRA,2007,12.114,France
DEU,2007,17.52,Germany
GRC,2007,7.465,Greece
IND,2021,4.877,India
IDN,2021,2.252,Indonesia
IRN,2021,6.428,"Iran, Islamic Rep."
IRQ,2021,14.662,Iraq
IRL,2021,10.161,Ireland
ISR,2021,7.377,Israel
ITA,2021,13.229,Italy
JAM,2021,2.921,Jamaica
JOR,2021,22.862,Jordan
MKD,2007,44.066,North Macedonia
NOR,2007,5.469,Norway
PAK,2007,0.454,Pakistan
PRY,2007,5.152,Paraguay
PER,2007,3.612,Peru
HRV,2003,14.017,Croatia
CYP,2003,5.192,Cyprus
CZE,2003,22.466,Czechia
DNK,2003,8.453,Denmark
DOM,2003,7.75,Dominican Republic
MAC,2011,3.101,"Macao SAR, China"
MWI,2011,1.482,Malawi
MYS,2011,3.213,Malaysia
MLT,2011,8.969,Malta
MEX,2011,5.414,Mexico
CEB,2020,11.413183923670717,Central Europe and the Baltics
EAR,2020,9.217801925442858,Early-demographic dividend
EMU,2020,15.14021758606995,Euro area
ECS,2020,13.273300302618887,Europe & Central Asia
ECA,2020,12.570750634347489,Europe & Central Asia (excluding high income)
TEC,2020,12.07592980237495,Europe & Central Asia (IDA & IBRD)
EUU,2020,14.629678173467994,European Union
BOL,2015,2.917,Bolivia
BIH,2015,28.928,Bosnia and Herzegovina
BRA,2015,8.903,Brazil
BGR,2015,23.714,Bulgaria
CPV,2015,32.969,Cabo Verde
KHM,2015,0.474,Cambodia
SVK,2002,45.705,Slovak Republic
SVN,2002,8.549,Slovenia
ZAF,2002,38.404,South Africa
ESP,2002,12.433,Spain
DEU,2008,15.448,Germany
GRC,2008,7.112,Greece
DOM,2007,5.762,Dominican Republic
ECU,2007,2.353,Ecuador
EST,2007,10.93,Estonia
FJI,2007,7.837,Fiji
FIN,2007,12.429,Finland
BOL,2005,5.006,Bolivia
BRA,2005,12.416,Brazil
BGR,2005,19.434,Bulgaria
NER,2022,0.795,Niger
NGA,2022,2.344,Nigeria
MKD,2022,22.011,North Macedonia
NOR,2022,7.885,Norway
PAN,2022,7.122,Panama
PNG,2022,2.662,Papua New Guinea
NAC,1998,10.3823969672922,North America
CIV,2012,7.507,Côte d’Ivoire
HRV,2012,18.456,Croatia
CUB,2012,4.22,Cuba
CYP,2012,14.101,Cyprus
CZE,2012,28.51,Czechia
DNK,2012,12.643,Denmark
DOM,2012,7.497,Dominican Republic
ECU,2012,2.118,Ecuador
AUT,2000,8.049,Austria
BGR,2000,24.999,Bulgaria
KHM,2000,3.219,Cambodia
CAN,2000,12.524,Canada
CHL,2000,11.901,Chile
CHN,2000,3.137,China
CAN,2022,11.304,Canada
TCD,2022,3.015,Chad
CHL,2022,8.56,Chile
COL,2022,9.941,Colombia
CRI,2022,10.988,Costa Rica
FIN,2004,19.392,Finland
FRA,2004,12.378,France
DEU,2004,17.622,Germany
GRC,2004,9.847,Greece
GTM,2004,4.733,Guatemala
DOM,2004,6.574,Dominican Republic
ECU,2004,5.166,Ecuador
EST,2004,19.412,Estonia
MKD,2019,23.471,North Macedonia
NOR,2019,8.438,Norway
PAK,2019,4.734,Pakistan
PAN,2019,6.145,Panama
PER,2019,2.737,Peru
POL,2019,4.57,Poland
GBR,1997,9.235,United Kingdom
USA,1997,10.338,United States
ALB,2015,13.5,Albania
ARM,2015,15.244,Armenia
AUS,2015,10.539,Australia
AUT,2015,11.147,Austria
ZAF,2018,33.088,South Africa
ESP,2018,21.962,Spain
LKA,2018,2.774,Sri Lanka
LCA,2018,25.241,St. Lucia
SWE,2018,18.709,Sweden
CHE,2018,7.841,Switzerland
LCN,2009,9.087202156006242,Latin America & Caribbean
LAC,2009,9.130475496164728,Latin America & Caribbean (excluding high income)
TLA,2009,9.117569642663806,Latin America & Caribbean (IDA & IBRD)
NAC,2009,14.971246045273633,North America
PAK,2015,2.196,Pakistan
PAN,2015,4.486,Panama
PRY,2015,5.2,Paraguay
PER,2015,2.457,Peru
PHL,2015,5.271,Philippines
POL,2015,10.412,Poland
PRT,2015,13.246,Portugal
PRI,2015,30.209,Puerto Rico
QAT,2015,0.063,Qatar
LCN,2012,6.9494287093956775,Latin America & Caribbean
LAC,2012,6.977650779105785,Latin America & Caribbean (excluding high income)
TLA,2012,6.977203875819897,Latin America & Caribbean (IDA & IBRD)
LMC,2012,4.261949541889641,Lower middle income
MEA,2012,8.585199979066873,"Middle East, North Africa, Afghanistan & Pakistan"
MNA,2012,8.497078806641914,"Middle East, North Africa, Afghanistan & Pakistan (excluding high income)"
TMN,2012,8.338554174900974,"Middle East, North Africa, Afghanistan & Pakistan (IDA & IBRD)"
NAC,2012,12.978406115482096,North America
MUS,2001,8.66,Mauritius
MDA,2001,5.722,Moldova
HIC,2020,12.448289043273313,High income
LCN,2020,13.619298339059329,Latin America & Caribbean
LAC,2020,13.561093052920173,Latin America & Caribbean (excluding high income)
TLA,2020,13.550164402182237,Latin America & Caribbean (IDA & IBRD)
FIN,2020,19.279,Finland
FRA,2020,14.005,France
GEO,2020,12.86,Georgia
DEU,2020,9.439,Germany
GRC,2020,18.348,Greece
GRD,2020,11.321,Grenada
SVK,2006,48.225,Slovak Republic
SVN,2006,7.612,Slovenia
ZAF,2006,32.678,South Africa
ESP,2006,10.261,Spain
PRY,2002,10.286,Paraguay
PER,2002,3.488,Peru
POL,2002,26.318,Poland
PRT,2002,4.438,Portugal
ROU,2002,5.865,Romania
ZAF,2020,35.917,South Africa
ESP,2020,21.01,Spain
LKA,2020,3.656,Sri Lanka
LCA,2020,24.924,St. Lucia
SWE,2020,24.612,Sweden
MLI,2017,11.448,Mali
MLT,2017,6.07,Malta
MRT,2017,15.779,Mauritania
MUS,2017,4.169,Mauritius
MEX,2017,3.196,Mexico
MDA,2017,0.898,Moldova
MDV,2016,8.859,Maldives
MLI,2016,2.117,Mali
MLT,2016,7.437,Malta
MUS,2016,4.826,Mauritius
MEX,2016,3.605,Mexico
MDA,2016,0.923,Moldova
MCO,2016,8.129,Monaco
MNG,2016,4.014,Mongolia
MNE,2016,23.99,Montenegro
AUT,1999,7.457,Austria
PER,2021,3.342,Peru
PHL,2021,2.857,Philippines
POL,2021,4.537,Poland
PRT,2021,6.84,Portugal
ROU,2021,13.208,Romania
RUS,2021,11.347,Russian Federation
RWA,2021,15.204,Rwanda
DEU,2005,19.034,Germany
GRC,2005,9.023,Greece
COL,2004,12.339,Colombia
COM,2004,5.226,Comoros
HRV,2004,13.501,Croatia
CYP,2004,6.171,Cyprus
CZE,2004,26.103,Czechia
DNK,2004,7.36,Denmark
EST,2002,23.186,Estonia
FIN,2002,18.829,Finland
FRA,2002,12.946,France
THA,2000,3.292,Thailand
TUR,2000,5.724,Türkiye
GBR,2000,8.743,United Kingdom
SWE,2002,7.831,Sweden
CHE,2002,5.066,Switzerland
NOR,1999,5.576,Norway
PRY,1999,5.774,Paraguay
PER,1999,4.571,Peru
POL,1999,17.041,Poland
CYP,1999,6.728,Cyprus
CZE,1999,20.847,Czechia
DNK,1999,7.74,Denmark
VNM,2023,1.253,Vietnam
ZMB,2023,3.688,Zambia
ZWE,2023,8.493,Zimbabwe
CEB,2024,12.951211256400612,Central Europe and the Baltics
EAR,2024,9.141781137142054,Early-demographic dividend
EMU,2024,12.468925614289516,Euro area
ECS,2024,10.752212504856576,Europe & Central Asia
TEC,2024,8.019087654644215,Europe & Central Asia (IDA & IBRD)
DOM,2001,8.309,Dominican Republic
ECU,2001,3.2,Ecuador
EST,2001,20.077,Estonia
FIN,2001,17.484,Finland
HRV,2008,9.816,Croatia
CYP,2008,5.05,Cyprus
CZE,2008,19.034,Czechia
DNK,2008,6.083,Denmark
DOM,2008,4.717,Dominican Republic
ECU,2008,3.07,Ecuador
EGY,2008,2.979,"Egypt, Arab Rep."
HRV,2017,19.497,Croatia
CYP,2017,13.803,Cyprus
CZE,2017,12.992,Czechia
DNK,2017,9.674,Denmark
DJI,2017,34.827,Djibouti
DOM,2017,4.899,Dominican Republic
ECU,2017,2.242,Ecuador
EGY,2017,6.873,"Egypt, Arab Rep."
HRV,2007,12.124,Croatia
CYP,2007,4.871,Cyprus
CZE,2007,20.057,Czechia
DNK,2007,5.619,Denmark
TTO,2015,2.813,Trinidad and Tobago
TUN,2015,8.848,Tunisia
TUR,2015,9.885,Türkiye
UKR,2015,12.226,Ukraine
GBR,2015,8.399,United Kingdom
PHL,2014,5.357,Philippines
POL,2014,18.908,Poland
PRT,2014,15.032,Portugal
QAT,2014,0.075,Qatar
ROU,2014,6.491,Romania
RUS,2014,13.3,Russian Federation
RWA,2014,0.899,Rwanda
FRA,2000,15.3,France
DEU,2000,12.527,Germany
GHA,2000,10.494,Ghana
GRC,2000,9.604,Greece
NLD,2020,6.941,Netherlands
NZL,2020,6.749,New Zealand
MKD,2020,21.848,North Macedonia
NOR,2020,9.522,Norway
PAK,2020,5.71,Pakistan
PLW,2020,1.475,Palau
PAN,2020,15.322,Panama
MDA,2000,5.574,Moldova
NOR,1998,6.795,Norway
PRY,1998,5.162,Paraguay
PER,1998,5.011,Peru
POL,1998,13.291,Poland
AUS,2010,9.074,Australia
AUT,2010,9.613,Austria
AZE,2010,9.091,Azerbaijan
BGD,2010,3.109,Bangladesh
BEL,2010,13.92,Belgium
MLT,2023,5.673,Malta
MUS,2023,5.781,Mauritius
MEX,2023,2.364,Mexico
MDA,2023,1.244,Moldova
MNG,2023,4.252,Mongolia
MNE,2023,19.236,Montenegro
NLD,2021,7.407,Netherlands
MKD,2021,23.061,North Macedonia
NOR,2021,10.644,Norway
OMN,2021,0.369,Oman
PAK,2021,5.148,Pakistan
PAN,2021,9.8,Panama
PRY,2001,7.136,Paraguay
PER,2001,3.816,Peru
POL,2001,23.469,Poland
PRT,2001,3.895,Portugal
ROU,2001,3.977,Romania
BTN,2020,6.231,Bhutan
BOL,2020,6.711,Bolivia
BIH,2020,19.726,Bosnia and Herzegovina
BWA,2020,22.216,Botswana
BRA,2020,16.34,Brazil
BRN,2020,7.673,Brunei Darussalam
BGR,2020,14.06,Bulgaria
GMB,2012,11.734,"Gambia, The"
GEO,2012,11.079,Georgia
DEU,2012,12.148,Germany
GRC,2012,26.324,Greece
GRL,2012,14.578,Greenland
GTM,2012,3.653,Guatemala
LTU,2002,18.056,Lithuania
LUX,2002,4.648,Luxembourg
SVN,2010,11.028,Slovenia
ZAF,2010,30.555,South Africa
ESP,2010,26.944,Spain
LKA,2010,3.273,Sri Lanka
AUT,2008,8.788,Austria
BEL,2008,11.577,Belgium
CRI,2011,11.047,Costa Rica
HRV,2011,17.065,Croatia
CYP,2011,7.573,Cyprus
CZE,2011,24.249,Czechia
DNK,2011,12.371,Denmark
ARG,2005,13.131,Argentina
AUT,2005,11.122,Austria
BEL,2005,13.863,Belgium
CYP,2001,5.201,Cyprus
CZE,2001,23.324,Czechia
DNK,2001,6.131,Denmark
CYP,2000,5.887,Cyprus
CZE,2000,23.318,Czechia
DNK,2000,6.234,Denmark
SWE,2015,18.863,Sweden
CHE,2015,8.697,Switzerland
THA,2015,0.462,Thailand
TLS,2015,3.316,Timor-Leste
ECU,2003,5.705,Ecuador
EST,2003,20.812,Estonia
FIN,2003,18.345,Finland
FRA,2003,11.57,France
AUT,1997,7.761,Austria
NLD,2023,6.057,Netherlands
NCL,2023,18.323,New Caledonia
NGA,2023,2.306,Nigeria
NOR,2023,9.472,Norway
PAN,2023,5.065,Panama
KOR,2020,3.927,"Korea, Rep."
XKX,2020,32.949,Kosovo
LVA,2020,17.049,Latvia
LTU,2020,22.477,Lithuania
AZE,2015,9.411,Azerbaijan
BRB,2015,11.147,Barbados
BEL,2015,15.995,Belgium
BLZ,2015,7.756,Belize
BTN,2015,1.388,Bhutan
KOR,2002,2.275,"Korea, Rep."
LVA,2002,22.788,Latvia
TEC,2022,9.822710468262027,Europe & Central Asia (IDA & IBRD)
EUU,2022,13.44828245272488,European Union
HIC,2022,9.83005076085739,High income
IBD,2022,9.81693129804697,IBRD only
LCN,2022,8.979082724544698,Latin America & Caribbean
LAC,2022,8.985184302679505,Latin America & Caribbean (excluding high income)
TLA,2022,8.979082724544698,Latin America & Caribbean (IDA & IBRD)
AGO,2004,31.376,Angola
ARG,2004,14.753,Argentina
AUT,2004,10.88,Austria
ZAF,2004,33.657,South Africa
ESP,2004,12.891,Spain
SWE,2004,10.01,Sweden
CHE,2004,7.773,Switzerland
ARM,2001,35.645,Armenia
AUT,2001,6.941,Austria
PRY,2003,7.636,Paraguay
PER,2003,3.113,Peru
PHL,2003,2.723,Philippines
POL,2003,26.793,Poland
PRT,2003,6.151,Portugal
ROU,2003,5.774,Romania
SWE,2006,12.463,Sweden
CHE,2006,7.347,Switzerland
TZA,2006,9.151,Tanzania
ESP,2012,33.457,Spain
LKA,2012,3.169,Sri Lanka
SWE,2012,17.581,Sweden
CHE,2012,8.303,Switzerland
LAC,2021,12.077327904627133,Latin America & Caribbean (excluding high income)
TLA,2021,12.01494534558099,Latin America & Caribbean (IDA & IBRD)
LMC,2021,5.675171381682513,Lower middle income
MEA,2021,7.821096710232007,"Middle East, North Africa, Afghanistan & Pakistan"
MNA,2021,8.172885722280556,"Middle East, North Africa, Afghanistan & Pakistan (excluding high income)"
TMN,2021,7.837608965638927,"Middle East, North Africa, Afghanistan & Pakistan (IDA & IBRD)"
NAC,2021,9.028965982249945,North America
OED,2021,11.09615125764798,OECD members
OSS,2021,20.115662527704337,Other small states
LVA,2007,10.551,Latvia
LTU,2007,7.192,Lithuania
LUX,2007,6.319,Luxembourg
LKA,2019,3.107,Sri Lanka
LCA,2019,20.996,St. Lucia
SWE,2019,20.587,Sweden
CHE,2019,7.939,Switzerland
THA,2019,0.548,Thailand
TON,2023,1.621,Tonga
TTO,2023,3.705,Trinidad and Tobago
TUN,2023,14.236,Tunisia
TUR,2023,8.019,Türkiye
ARE,2023,1.232,United Arab Emirates
GBR,2023,6.685,United Kingdom
USA,2023,5.591,United States
URY,2023,9.926,Uruguay
SAU,2020,2.803,Saudi Arabia
SRB,2020,8.689,Serbia
SGP,2020,5.436,Singapore
SVK,2020,31.607,Slovak Republic
SVN,2020,10.956,Slovenia
LVA,2000,21.064,Latvia
LTU,2000,23.014,Lithuania
LUX,2000,3.662,Luxembourg
MYS,2000,2.27,Malaysia
KEN,2022,3.795,Kenya
KOR,2022,2.926,"Korea, Rep."
XKX,2022,18.374,Kosovo
LAO,2022,0.94,Lao PDR
LVA,2022,14.31,Latvia
MLT,2007,8.322,Malta
MUS,2007,7.933,Mauritius
MEX,2007,3.772,Mexico
MDA,2007,1.695,Moldova
HRV,2002,13.661,Croatia
CUB,2002,3.559,Cuba
CYP,2002,3.918,Cyprus
CZE,2002,20.667,Czechia
DNK,2002,6.917,Denmark
DOM,2002,7.733,Dominican Republic
NAC,1995,12.510628165167333,North America
PER,2000,2.994,Peru
POL,2000,19.573,Poland
PRT,2000,3.794,Portugal
ROU,2000,3.909,Romania
HRV,2009,9.84,Croatia
CUB,2009,2.297,Cuba
CYP,2009,6.356,Cyprus
CZE,2009,24.108,Czechia
DNK,2009,10.037,Denmark
DOM,2009,5.843,Dominican Republic
ECU,2009,3.665,Ecuador
EGY,2009,3.857,"Egypt, Arab Rep."
KOR,2006,2.076,"Korea, Rep."
LVA,2006,14.631,Latvia
LTU,2006,10.252,Lithuania
ZAF,2000,33.197,South Africa
ESP,2000,15.224,Spain
SWE,2000,8.125,Sweden
CHE,2000,4.702,Switzerland
MYS,2018,2.072,Malaysia
MLI,2018,2.15,Mali
MLT,2018,5.592,Malta
MUS,2018,3.873,Mauritius
MEX,2018,3.016,Mexico
MDA,2018,0.616,Moldova
ECU,2015,2.311,Ecuador
EGY,2015,8.968,"Egypt, Arab Rep."
SLV,2015,3.887,El Salvador
EST,2015,12.286,Estonia
FIN,2015,16.447,Finland
LTU,2021,16.441,Lithuania
LUX,2021,8.952,Luxembourg
MYS,2021,4.536,Malaysia
MLT,2021,5.01,Malta
MHL,2021,12.795,Marshall Islands
SVK,2009,41.457,Slovak Republic
SVN,2009,8.409,Slovenia
ZAF,2009,29.448,South Africa
ESP,2009,24.522,Spain
LKA,2009,3.999,Sri Lanka
SWE,2007,11.852,Sweden
CHE,2007,6.773,Switzerland
TJK,2007,3.335,Tajikistan
THA,2007,0.909,Thailand
TLS,2007,5.373,Timor-Leste
SVK,2000,39.115,Slovak Republic
SVN,2000,10.569,Slovenia
GTM,2023,2.563,Guatemala
HND,2023,5.423,Honduras
HKG,2023,3.222,"Hong Kong SAR, China"
HUN,2023,12.809,Hungary
ISL,2023,6.729,Iceland
IND,2023,2.473,India
IDN,2023,2.051,Indonesia
IRN,2023,5.308,"Iran, Islamic Rep."
IRL,2023,7.182,Ireland
FRA,2001,13.168,France
DEU,2001,11.549,Germany
GRC,2001,9.521,Greece
MLI,2019,4.17,Mali
MLT,2019,4.812,Malta
MHL,2019,8.168,Marshall Islands
MRT,2019,20.068,Mauritania
MUS,2019,5.596,Mauritius
MEX,2019,3.223,Mexico
MDA,2019,1.26,Moldova
MNG,2019,6.338,Mongolia
MNE,2019,25.755,Montenegro
ITA,2000,12.039,Italy
KOR,2000,3.903,"Korea, Rep."
XKX,2000,11.099,Kosovo
TGO,2022,1.738,Togo
TTO,2022,5.116,Trinidad and Tobago
TUN,2022,13.852,Tunisia
TUR,2022,9.142,Türkiye
TUV,2022,11.654,Tuvalu
ARE,2022,0.421,United Arab Emirates
GBR,2022,6.488,United Kingdom
USA,2022,5.507,United States
COD,2005,3.684,"Congo, Dem. Rep."
COG,2005,23.5,"Congo, Rep."
HRV,2005,11.24,Croatia
CYP,2005,6.449,Cyprus
CZE,2005,26.709,Czechia
DNK,2005,7.388,Denmark
ROU,2005,6.661,Romania
LVA,2005,16.248,Latvia
LTU,2005,14.448,Lithuania
LUX,2005,6.373,Luxembourg
MWI,2005,0.675,Malawi
LTU,2001,23.027,Lithuania
LUX,2001,2.52,Luxembourg
MDG,2001,1.391,Madagascar
LKA,2022,3.112,Sri Lanka
LCA,2022,19.549,St. Lucia
SDN,2022,9.672,Sudan
SWE,2022,24.68,Sweden
CHE,2022,7.916,Switzerland
THA,2022,0.561,Thailand
TLS,2022,2.064,Timor-Leste
POL,2007,15.484,Poland
PRT,2007,8.281,Portugal
ROU,2007,6.82,Romania
SRB,2007,16.805,Serbia
THA,2021,0.947,Thailand
TLS,2021,3.057,Timor-Leste
TON,2021,1.992,Tonga
TTO,2021,5.095,Trinidad and Tobago
TUN,2021,3.328,Tunisia
TUR,2021,10.974,Türkiye
DOM,2000,7.505,Dominican Republic
ECU,2000,3.09,Ecuador
EST,2000,25.407,Estonia
FIN,2000,18.66,Finland
LKA,2023,3.164,Sri Lanka
LCA,2023,15.367,St. Lucia
SWE,2023,24.175,Sweden
CHE,2023,7.64,Switzerland
THA,2023,0.462,Thailand
BTN,2022,5.161,Bhutan
BOL,2022,2.447,Bolivia
BIH,2022,16.087,Bosnia and Herzegovina
BWA,2022,25.352,Botswana
BRA,2022,11.334,Brazil
BRN,2022,5.095,Brunei Darussalam
BGR,2022,12.145,Bulgaria
BFA,2022,2.651,Burkina Faso
KOR,2015,2.43,"Korea, Rep."
XKX,2015,46.53,Kosovo
KGZ,2015,11.058,Kyrgyz Republic
LAO,2015,1.404,Lao PDR
LVA,2015,21.931,Latvia
MUS,2015,5.729,Mauritius
MEX,2015,4.207,Mexico
MDA,2015,1.154,Moldova
MNG,2015,3.092,Mongolia
MNE,2015,27.195,Montenegro
MOZ,2015,6.15,Mozambique
MMR,2015,0.737,Myanmar
PER,2018,2.25,Peru
POL,2018,5.592,Poland
PRT,2018,7.153,Portugal
ROU,2018,5.564,Romania
RUS,2018,12.771,Russian Federation
RWA,2018,9.466,Rwanda
WSM,2018,0.774,Samoa
DEU,2002,13.338,Germany
GRC,2002,8.877,Greece
GTM,2002,3.138,Guatemala
GIN,2002,10.621,Guinea
SWE,2003,8.573,Sweden
CHE,2003,6.732,Switzerland
TJK,2003,2.957,Tajikistan
ROU,2004,8.267,Romania
SVK,2004,51.161,Slovak Republic
SVN,2004,9.371,Slovenia
SVK,2007,44.857,Slovak Republic
SVN,2007,6.541,Slovenia
ZAF,2007,31.601,South Africa
ESP,2007,10.586,Spain
LTU,2003,21.35,Lithuania
LUX,2003,3.981,Luxembourg
HRV,2018,11.099,Croatia
CUW,2018,20.878,Curaçao
CYP,2018,9.725,Cyprus
CZE,2018,10.637,Czechia
DNK,2018,8.612,Denmark
DOM,2018,4.861,Dominican Republic
ECU,2018,1.933,Ecuador
MUS,2021,7.978,Mauritius
MEX,2021,3.506,Mexico
MDA,2021,0.486,Moldova
MNG,2021,5.359,Mongolia
MNE,2021,28.826,Montenegro
MAR,2021,14.645,Morocco
NRU,2021,5.756,Nauru
DOM,2005,7.126,Dominican Republic
ECU,2005,3.734,Ecuador
EST,2005,14.492,Estonia
ETH,2005,3.971,Ethiopia
FJI,2005,3.362,Fiji
FIN,2005,18.14,Finland
FRA,2005,12.766,France
ARM,2022,8.036,Armenia
AUS,2022,7.71,Australia
AUT,2022,12.417,Austria
AZE,2022,12.308,Azerbaijan
BGD,2022,3.74,Bangladesh
BRB,2022,8.425,Barbados
BLR,2022,10.649,Belarus
BEL,2022,13.46,Belgium
BEN,2022,1.647,Benin
BRB,2021,12.487,Barbados
BLR,2021,11.071,Belarus
BEL,2021,13.661,Belgium
BTN,2021,5.102,Bhutan
BOL,2021,3.281,Bolivia
BIH,2021,16.737,Bosnia and Herzegovina
BWA,2021,27.22,Botswana
BRA,2021,15.623,Brazil
LTU,2015,26.062,Lithuania
LUX,2015,10.491,Luxembourg
MAC,2015,1.923,"Macao SAR, China"
MDG,2015,1.139,Madagascar
MYS,2015,1.897,Malaysia
MLI,2015,12.201,Mali
MLT,2015,8.825,Malta
KEN,2021,3.66,Kenya
KOR,2021,3.78,"Korea, Rep."
XKX,2021,29.029,Kosovo
LVA,2021,15.484,Latvia
LTU,2022,16.603,Lithuania
LUX,2022,8.385,Luxembourg
MYS,2022,3.594,Malaysia
MLI,2022,11.341,Mali
MLT,2022,3.616,Malta
MUS,2022,6.21,Mauritius
MEX,2022,2.737,Mexico
MDA,2022,0.661,Moldova
MNG,2022,4.761,Mongolia
MNE,2022,20.858,Montenegro
MAR,2022,13.052,Morocco
MOZ,2022,8.86,Mozambique
NLD,2022,5.7,Netherlands
NCL,2022,21.079,New Caledonia
PRY,2004,6.891,Paraguay
PER,2004,3.195,Peru
POL,2004,27.065,Poland
PRT,2004,6.652,Portugal
SVK,2008,39.235,Slovak Republic
SVN,2008,5.9,Slovenia
ZAF,2008,28.328,South Africa
SSD,2008,10.05,South Sudan
ESP,2008,15.071,Spain
SDN,2008,13.743,Sudan
SWE,2001,7.814,Sweden
CHE,2001,5.366,Switzerland
TZA,2001,7.291,Tanzania
TLS,2001,9.776,Timor-Leste
PER,2022,2.967,Peru
PHL,2022,2.065,Philippines
POL,2022,4.181,Poland
PRT,2022,7.04,Portugal
ROU,2022,13.728,Romania
RUS,2022,9.606,Russian Federation
RWA,2022,13.763,Rwanda
WSM,2022,5.118,Samoa
SMR,2022,4.116,San Marino
SAU,2022,2.491,Saudi Arabia
ZAF,2021,40.736,South Africa
ESP,2021,21.063,Spain
LKA,2021,3.145,Sri Lanka
LCA,2021,27.361,St. Lucia
SWE,2021,27.725,Sweden
CHE,2021,9.348,Switzerland
LCN,2018,11.076304019399686,Latin America & Caribbean
LAC,2018,11.260594029946676,Latin America & Caribbean (excluding high income)
TLA,2018,11.076304019399686,Latin America & Caribbean (IDA & IBRD)
LMC,2018,6.2199171153850585,Lower middle income
NAC,2018,6.785020633785462,North America
OED,2018,10.627553211159864,OECD members
LCN,2015,7.413208988383555,Latin America & Caribbean
LAC,2015,7.223367069610566,Latin America & Caribbean (excluding high income)
TLA,2015,7.219978212187612,Latin America & Caribbean (IDA & IBRD)
NAC,2015,8.638961257603473,North America
OED,2015,13.558413306979038,OECD members
SEN,2022,7.812,Senegal
SRB,2022,9.314,Serbia
SGP,2022,4.186,Singapore
SVK,2022,40.621,Slovak Republic
SVN,2022,9.165,Slovenia
SOM,2022,13.143,"Somalia, Federal Republic of"
ZAF,2022,40.67,South Africa
ESP,2022,18.692,Spain
ARM,2023,10.27,Armenia
AUS,2023,8.035,Australia
AUT,2023,12.658,Austria
BHS,2023,16.86,"Bahamas, The"
BGD,2023,2.707,Bangladesh
BRB,2023,7.462,Barbados
BLR,2023,10.547,Belarus
BEL,2023,12.445,Belgium
NOR,2005,10.456,Norway
PAK,2005,0.421,Pakistan
PRY,2005,5.369,Paraguay
PER,2005,3.933,Peru
POL,2005,26.753,Poland
PRT,2005,7.749,Portugal
SGP,2015,3.486,Singapore
SVK,2015,38.676,Slovak Republic
SVN,2015,13.672,Slovenia
ZAF,2015,31.455,South Africa
ESP,2015,30.685,Spain
LKA,2015,3.131,Sri Lanka
CYP,2023,5.854,Cyprus
CZE,2023,11.28,Czechia
DNK,2023,8.746,Denmark
DOM,2023,4.471,Dominican Republic
ECU,2023,1.886,Ecuador
EGY,2023,4.313,"Egypt, Arab Rep."
SLV,2023,2.485,El Salvador
EST,2023,12.909,Estonia
SWZ,2023,37.911,Eswatini
HUN,1997,15.345,Hungary
IDN,1997,3.474,Indonesia
IRL,1997,15.59,Ireland
ITA,1997,12.979,Italy
CZE,2006,24.455,Czechia
DNK,2006,6.448,Denmark
DOM,2006,5.973,Dominican Republic
ECU,2006,3.374,Ecuador
EST,2006,12.662,Estonia
SLV,2022,2.591,El Salvador
EST,2022,12.007,Estonia
FIN,2022,13.542,Finland
FRA,2022,13.118,France
GEO,2022,12.222,Georgia
DEU,2022,6.784,Germany
GHA,2022,2.166,Ghana
GRC,2022,14.4,Greece
GTM,2022,2.374,Guatemala
GNB,2022,3.515,Guinea-Bissau
HND,2022,9.412,Honduras
HKG,2022,5.249,"Hong Kong SAR, China"
HUN,2022,11.525,Hungary
ITA,1998,12.946,Italy
ESP,1998,19.9,Spain
SWE,1998,12.028,Sweden
CHE,1998,5.396,Switzerland
IDN,1991,1.992,Indonesia
IND,1994,3.437,India
IDN,1994,3.293,Indonesia
IRL,1994,20.369,Ireland
ITA,1994,11.808,Italy
CZE,2021,12.861,Czechia
DNK,2021,8.438,Denmark
DOM,2021,5.952,Dominican Republic
ECU,2021,2.58,Ecuador
EGY,2021,4.885,"Egypt, Arab Rep."
SLV,2021,3.623,El Salvador
EST,2021,14.233,Estonia
CRI,2015,8.969,Costa Rica
HRV,2015,21.325,Croatia
CYP,2015,18.714,Cyprus
CZE,2015,22.692,Czechia
DNK,2015,10.42,Denmark
DOM,2015,7.159,Dominican Republic
SVK,2005,53.196,Slovak Republic
SVN,2005,9.325,Slovenia
ZAF,2005,33.373,South Africa
ESP,2005,11.04,Spain
EMU,2023,12.97142652391985,Euro area
ECS,2023,11.099895882371149,Europe & Central Asia
TEC,2023,8.650040628432087,Europe & Central Asia (IDA & IBRD)
EUU,2023,12.97257307313409,European Union
HIC,2023,9.55805234534576,High income
IDN,1990,1.892,Indonesia
IDN,1996,3.64,Indonesia
IRL,1996,18.099,Ireland
ITA,1996,12.659,Italy
MUS,2005,10.243,Mauritius
MEX,2005,3.707,Mexico
MDA,2005,3.791,Moldova
EST,1998,15.969,Estonia
FIN,1998,18.978,Finland
FRA,1998,16.445,France
CAN,1994,16.276,Canada
KHM,1997,0.941,Cambodia
CAN,1997,15.818,Canada
DEU,1992,8.995,Germany
GRC,1992,7.071,Greece
CIV,2022,2.228,Côte d’Ivoire
HRV,2022,11.535,Croatia
CYP,2022,7.737,Cyprus
CZE,2022,12.477,Czechia
DNK,2022,7.635,Denmark
DOM,2022,4.463,Dominican Republic
ECU,2022,1.968,Ecuador
EGY,2022,4.705,"Egypt, Arab Rep."
IDN,1992,1.951,Indonesia
IRL,1992,20.915,Ireland
ITA,1992,9.127,Italy
IDN,1993,2.044,Indonesia
IRL,1993,21.696,Ireland
GRC,1998,10.107,Greece
HUN,1998,15.642,Hungary
IDN,1998,4.038,Indonesia
CAN,1993,17.065,Canada
PST,2002,11.44240720910465,Post-demographic dividend
ALB,2002,3.937,Albania
ESP,1994,25.43,Spain
GBR,1993,12.72,United Kingdom
PRT,1998,4.692,Portugal
ROU,1998,3.092,Romania
SVK,1998,17.084,Slovak Republic
SVN,1998,9.278,Slovenia
GBR,1996,10.629,United Kingdom
USA,1996,11.389,United States
LCN,2023,7.951985675665502,Latin America & Caribbean
LAC,2023,7.873299943626863,Latin America & Caribbean (excluding high income)
TLA,2023,7.941472322056651,Latin America & Caribbean (IDA & IBRD)
LMC,2023,4.541813576252124,Lower middle income
NAC,2023,6.575423433335488,North America
OED,2023,9.245765436021268,OECD members
PST,2023,9.889964287882751,Post-demographic dividend
IRL,1995,17.762,Ireland
ITA,1995,12.185,Italy
LVA,1999,17.635,Latvia
LTU,1999,18.989,Lithuania
LUX,1999,4.086,Luxembourg
GBR,1994,12.385,United Kingdom
USA,1994,12.596,United States
CHE,1994,5.141,Switzerland
MAR,1994,30.1,Morocco
NAM,1994,20.558,Namibia
ESP,1992,18.67,Spain
CHE,1992,2.918,Switzerland
CHE,1991,1.916,Switzerland
NLD,1997,8.651,Netherlands
NOR,1997,7.411,Norway
PRT,1999,4.518,Portugal
ROU,1999,3.589,Romania
SVK,1999,20.721,Slovak Republic
DNK,1995,10.205,Denmark
EST,1999,20.33,Estonia
ETH,1999,6.67,Ethiopia
FIN,1999,19.039,Finland
FRA,1999,16.954,France
DEU,1999,13.89,Germany
GRC,1999,10.336,Greece
AUT,1998,9.23,Austria
BEL,1998,14.634,Belgium
BOL,1995,3.074,Bolivia
BRA,1995,8.98,Brazil
CAN,1995,15.065,Canada
ITA,1993,10.65,Italy
GBR,1995,10.993,United Kingdom
USA,1995,12.039,United States
NLD,1996,9.793,Netherlands
NOR,1996,7.914,Norway
PRT,1993,5.374,Portugal
GBR,1992,12.021,United Kingdom
BOL,1991,6.296,Bolivia
CAN,1991,15.355,Canada
LUX,1997,3.84,Luxembourg
LMC,2022,4.54690485587645,Lower middle income
NAC,2022,6.404051336884906,North America
OED,2022,9.609381822232574,OECD members
PST,2022,10.15179094703008,Post-demographic dividend
SAS,2022,3.167414443835665,South Asia
DEU,1995,12.736,Germany
GRC,1995,7.821,Greece
LVA,1998,19.732,Latvia
LTU,1998,18.741,Lithuania
BEL,1994,13.892,Belgium
BOL,1994,2.807,Bolivia
FRA,1993,14.826,France
DEU,1993,11.175,Germany
GRC,1993,7.958,Greece
PST,2003,11.65028777254623,Post-demographic dividend
FIN,1997,21.819,Finland
FRA,1997,16.907,France
DEU,1997,14.995,Germany
GRC,1997,8.055,Greece
PRT,1994,6.918,Portugal
SVN,1997,8.433,Slovenia
ESP,1997,22.036,Spain
PRT,1996,7.338,Portugal
DNK,1993,13.005,Denmark
NAC,2007,8.514314166554621,North America
OED,2007,10.406585783014938,OECD members
PST,2007,10.987596925159592,Post-demographic dividend
ESP,1993,23.502,Spain
CHE,1993,4.61,Switzerland
ESP,1995,23.657,Spain
SWE,1995,11.055,Sweden
CHE,1995,5.505,Switzerland
SWE,1997,14.25,Sweden
CHE,1997,6.825,Switzerland
AUT,1996,7.384,Austria
BEL,1996,14.557,Belgium
GHA,1991,4.955,Ghana
GRC,1991,5.387,Greece
DEU,1996,13.326,Germany
GRC,1996,8.242,Greece
NAC,2004,10.356428353426404,North America
OED,2004,13.192910852068511,OECD members
PST,2004,11.90127770782798,Post-demographic dividend
CIV,1998,6.505,Côte d’Ivoire
CZE,1998,16.038,Czechia
DNK,1998,7.464,Denmark
LUX,1996,4.903,Luxembourg
BEL,1997,14.313,Belgium
BRA,1997,11.136,Brazil
OED,2000,12.458144778915896,OECD members
PST,2000,11.817259617465924,Post-demographic dividend
SAS,2000,3.941,South Asia
TSA,2000,3.941,South Asia (IDA & IBRD)
UMC,2000,6.852217878799275,Upper middle income
DNK,1996,10.443,Denmark
FIN,1996,22.007,Finland
FRA,1996,16.222,France
LUX,1992,2.185,Luxembourg
PST,2013,16.84965907187763,Post-demographic dividend
ALB,2013,14.055,Albania
BRA,1996,10.024,Brazil
KHM,1996,1.273,Cambodia
CAN,1996,15.557,Canada
BEL,1992,9.428,Belgium
BOL,1992,5.276,Bolivia
DNK,1994,10.428,Denmark
FRA,1994,16.512,France
DNK,1992,10.064,Denmark
MYS,1991,0.516,Malaysia
LUX,1993,3.499,Luxembourg
FIN,1995,22.917,Finland
FRA,1995,15.758,France
SVN,1996,9.471,Slovenia
ESP,1996,23.607,Spain
SWE,1996,11.893,Sweden
CHE,1996,6.257,Switzerland
PRT,1995,7.087,Portugal
BRA,1992,7.453,Brazil
CAN,1992,17.452,Canada
DEU,1994,13.381,Germany
GRC,1994,7.706,Greece
GRC,1990,4.797,Greece
PAN,1997,4.265,Panama
PER,1997,4.441,Peru
POL,1997,13.823,Poland
PRT,1997,6.684,Portugal
ROU,1997,3.866,Romania
AUT,1995,6.394,Austria
BEL,1995,13.712,Belgium
LUX,1994,4.753,Luxembourg
PST,2006,11.859010024878383,Post-demographic dividend
BEL,1993,11.903,Belgium
BOL,1993,5.24,Bolivia
PRT,1992,4.356,Portugal
PST,2021,11.695351236861198,Post-demographic dividend
SAS,2021,4.856501169190635,South Asia
TSA,2021,4.856501169190635,South Asia (IDA & IBRD)
AFG,2021,6.034,Afghanistan
ALB,2021,10.109,Albania
SAS,2005,4.124,South Asia
TSA,2005,4.124,South Asia (IDA & IBRD)
ALB,2005,9.311,Albania
DNK,1997,8.322,Denmark
EST,1997,16.144,Estonia
PST,2017,12.13698080686726,Post-demographic dividend
AFG,2017,12.283,Afghanistan
ALB,2017,12.24,Albania
LMC,2020,6.614099445341102,Lower middle income
MEA,2020,7.437381526907023,"Middle East, North Africa, Afghanistan & Pakistan"
MNA,2020,7.8982790117873085,"Middle East, North Africa, Afghanistan & Pakistan (excluding high income)"
TMN,2020,7.4464176576410495,"Middle East, North Africa, Afghanistan & Pakistan (IDA & IBRD)"
NAC,2020,12.405886722424386,North America
OED,2020,12.29434374837508,OECD members
PST,2020,12.774108518705168,Post-demographic dividend
SAS,2020,6.338772884054289,South Asia
LUX,1995,3.665,Luxembourg
HND,2024,4.43,Honduras
HKG,2024,3.027,"Hong Kong SAR, China"
HUN,2024,13.726,Hungary
ISL,2024,6.554,Iceland
IND,2024,2.281,India
IRN,2024,4.988,"Iran, Islamic Rep."
IRL,2024,9.158,Ireland
ISR,2024,4.27,Israel
ITA,2024,9.613,Italy
GRC,1989,5.088,Greece
MYS,1980,2.208,Malaysia
BRA,1990,6.288,Brazil
CAN,1990,12.226,Canada
KOR,2024,3.324,"Korea, Rep."
XKX,2024,21.374,Kosovo
LVA,2024,17.16,Latvia
LSO,2024,18.023,Lesotho
LTU,2024,17.263,Lithuania
LUX,2024,10.406,Luxembourg
PST,2019,10.908326510489228,Post-demographic dividend
SAS,2019,4.915366827849832,South Asia
TSA,2019,4.915366827849832,South Asia (IDA & IBRD)
ALB,2019,8.687,Albania
BWA,2024,26.526,Botswana
BRA,2024,8.513,Brazil
BRN,2024,5.194,Brunei Darussalam
BGR,2024,13.691,Bulgaria
BFA,2024,4.749,Burkina Faso
CAN,2024,13.758,Canada
CHL,2024,9.106,Chile
COL,2024,8.6,Colombia
ALB,2016,12.916,Albania
AFG,2014,7.38,Afghanistan
ALB,2014,15.072,Albania
DZA,2014,6.997,Algeria
NLD,2024,6.116,Netherlands
NGA,2024,1.749,Nigeria
MKD,2024,19.03,North Macedonia
NOR,2024,10.321,Norway
PAN,2024,6.789,Panama
PER,2024,3.661,Peru
EUU,2024,12.640388518886768,European Union
HIC,2024,9.594179602225664,High income
LCN,2024,6.589949818571766,Latin America & Caribbean
LAC,2024,6.41743655508664,Latin America & Caribbean (excluding high income)
TLA,2024,6.589949818571766,Latin America & Caribbean (IDA & IBRD)
LMC,2024,3.57947904955867,Lower middle income
EST,2024,14.744,Estonia
FJI,2024,3.623,Fiji
FIN,2024,20.326,Finland
FRA,2024,13.379,France
GEO,2024,6.933,Georgia
DEU,2024,6.895,Germany
GHA,2024,3.272,Ghana
GRC,2024,10.946,Greece
GTM,2024,2.013,Guatemala
NAC,1996,12.063066101212732,North America
PST,1996,14.097112771643522,Post-demographic dividend
PST,2018,11.68673216751093,Post-demographic dividend
SAS,2018,6.36129983515002,South Asia
TSA,2018,6.36129983515002,South Asia (IDA & IBRD)
THA,2024,0.509,Thailand
TTO,2024,4.136,Trinidad and Tobago
TUR,2024,7.434,Türkiye
GBR,2024,7.196,United Kingdom
USA,2024,6.501,United States
URY,2024,9.789,Uruguay
GRC,1988,5.724,Greece
CRI,2024,6.376,Costa Rica
HRV,2024,10.958,Croatia
CYP,2024,5.664,Cyprus
CZE,2024,4.3,Czechia
DNK,2024,10.704,Denmark
DOM,2024,4.575,Dominican Republic
ECU,2024,1.506,Ecuador
EGY,2024,3.421,"Egypt, Arab Rep."
SLV,2024,2.053,El Salvador
SAS,2023,2.503458604844604,South Asia
TSA,2023,2.503458604844604,South Asia (IDA & IBRD)
ALB,2023,9.694,Albania
AGO,2023,27.992,Angola
ARG,2023,7.187,Argentina
AUS,2024,8.442,Australia
AUT,2024,12.264,Austria
BGD,2024,2.809,Bangladesh
BLR,2024,7.744,Belarus
BEL,2024,11.723,Belgium
BTN,2024,2.779,Bhutan
BOL,2024,1.814,Bolivia
BIH,2024,14.303,Bosnia and Herzegovina
MWI,2024,14.909,Malawi
MLI,2024,10.29,Mali
MLT,2024,4.181,Malta
MUS,2024,4.978,Mauritius
MEX,2024,2.261,Mexico
MDA,2024,1.1,Moldova
MNG,2024,5.746,Mongolia
MNE,2024,23.12,Montenegro
POL,2024,4.552,Poland
PRT,2024,7.176,Portugal
ROU,2024,14.806,Romania
RUS,2024,6.638,Russian Federation
RWA,2024,10.737,Rwanda
SAU,2024,0.99,Saudi Arabia
SEN,2024,7.817,Senegal
SRB,2024,8.019,Serbia
SYC,2024,4.014,Seychelles
SGP,2024,2.835,Singapore
BRA,1989,5.703,Brazil
OED,2012,15.672632516049717,OECD members
PST,2012,16.581367105511553,Post-demographic dividend
SAS,2012,2.956030087890922,South Asia
TSA,2012,2.956030087890922,South Asia (IDA & IBRD)
SVK,2024,40.088,Slovak Republic
SVN,2024,7.98,Slovenia
ZAF,2024,39.283,South Africa
ESP,2024,16.185,Spain
LCA,2024,11.95,St. Lucia
SWE,2024,25.732,Sweden
CHE,2024,8.368,Switzerland
TZA,2024,1.739,Tanzania
MAR,1982,10.301,Morocco
NAC,1997,11.245242958017338,North America
PST,1997,13.930695716085538,Post-demographic dividend
GRC,1987,5.778,Greece
PST,2015,15.092999721519757,Post-demographic dividend
NAC,2001,10.141683112299138,North America
OED,2001,12.57341539659686,OECD members
PST,2001,10.781925247932126,Post-demographic dividend
NAC,2024,7.73887748252467,North America
OED,2024,9.243088836910715,OECD members
PST,2024,9.956671192169626,Post-demographic dividend
SAS,2024,2.331551806573384,South Asia
TSA,2024,2.331551806573384,South Asia (IDA & IBRD)
ALB,2024,7.577,Albania
AGO,2024,20.532,Angola
ARG,2024,2.124,Argentina
NAC,1999,10.025938668197515,North America
PST,1999,12.615687342919635,Post-demographic dividend
TMN,2010,8.709132177702386,"Middle East, North Africa, Afghanistan & Pakistan (IDA & IBRD)"
NAC,2010,15.356581590613043,North America
OED,2010,15.038915528981557,OECD members
PST,2010,15.980491227509756,Post-demographic dividend
SAS,2010,3.0415063826107387,South Asia
TSA,2010,3.0415063826107387,South Asia (IDA & IBRD)
TMN,2011,9.163364648551998,"Middle East, North Africa, Afghanistan & Pakistan (IDA & IBRD)"
NAC,2011,13.785608637857218,North America
OED,2011,14.617187488849474,OECD members
PST,2011,15.446053815194146,Post-demographic dividend
OED,2009,14.350060248763342,OECD members
PST,2009,15.052120800949393,Post-demographic dividend
NAC,2008,10.631422828838804,North America
OED,2008,10.847371658029124,OECD members
PST,2008,11.461422680568562,Post-demographic dividend
NAC,1994,13.178998584794174,North America
SAS,1994,3.437,South Asia
TSA,1994,3.437,South Asia (IDA & IBRD)
MYS,1970,8.596,Malaysia
VNM,2024,1.241,Vietnam
PSE,2024,36.677,West Bank and Gaza
ZMB,2024,3.626,Zambia
ZWE,2024,11.256,Zimbabwe
NAC,2025,8.095910672753368,North America
AUT,2025,13.576,Austria
BRA,2025,6.992,Brazil
CAN,2025,15.136,Canada
CHL,2025,8.675,Chile
COL,2025,7.244,Colombia
CRI,2025,6.136,Costa Rica
DOM,2025,5.171,Dominican Republic
ECU,2025,1.345,Ecuador
HND,2025,4.18,Honduras
KOR,2025,3.374,"Korea, Rep."
PAK,2025,6.332,Pakistan
PER,2025,2.995,Peru
PRT,2025,6.372,Portugal
ESP,2025,15.338,Spain
GBR,2025,8.236,United Kingdom
USA,2025,6.583,United States
PSE,2025,32.632,West Bank and Gaza
